Pincode_Id,Pincode,City,"Werehouse Code","Updated By",Date,Status
7,400001,mumbai,midc,,"2024-02-04 05:28:26",1
15,400002,mumbai,midc,,"2024-02-04 05:28:26",1
22,400003,mumbai,midc,,"2024-02-04 05:28:26",1
30,400004,mumbai,midc,,"2024-02-04 05:28:26",1
39,400005,mumbai,midc,,"2024-02-04 05:28:26",1
47,400006,mumbai,midc,,"2024-02-04 05:28:26",1
56,400007,mumbai,midc,,"2024-02-04 05:28:26",1
65,400008,mumbai,midc,,"2024-02-04 05:28:26",1
74,400009,mumbai,midc,,"2024-02-04 05:28:26",1
81,400010,mumbai,midc,,"2024-02-04 05:28:26",1
89,400011,mumbai,midc,,"2024-02-04 05:28:26",1
97,400012,mumbai,midc,,"2024-02-04 05:28:26",1
105,400013,mumbai,midc,,"2024-02-04 05:28:26",1
113,400014,mumbai,midc,,"2024-02-04 05:28:26",1
121,400015,mumbai,midc,,"2024-02-04 05:28:26",1
129,400016,mumbai,midc,,"2024-02-04 05:28:26",1
136,400017,mumbai,midc,,"2024-02-04 05:28:26",1
144,400018,mumbai,midc,,"2024-02-04 05:28:26",1
152,400019,mumbai,midc,,"2024-02-04 05:28:26",1
160,400020,mumbai,midc,,"2024-02-04 05:28:26",1
168,400021,mumbai,midc,,"2024-02-04 05:28:26",1
176,400022,mumbai,midc,,"2024-02-04 05:28:26",1
184,400023,mumbai,midc,,"2024-02-04 05:28:26",1
192,400024,mumbai,midc,,"2024-02-04 05:28:26",1
200,400025,mumbai,midc,,"2024-02-04 05:28:26",1
208,400026,mumbai,midc,,"2024-02-04 05:28:26",1
216,400027,mumbai,midc,,"2024-02-04 05:28:26",1
224,400028,mumbai,midc,,"2024-02-04 05:28:26",1
232,400029,mumbai,midc,,"2024-02-04 05:28:26",1
241,400030,mumbai,midc,,"2024-02-04 05:28:26",1
248,400031,mumbai,midc,,"2024-02-04 05:28:26",1
256,400032,mumbai,midc,,"2024-02-04 05:28:26",1
263,400033,mumbai,midc,,"2024-02-04 05:28:26",1
270,400034,mumbai,midc,,"2024-02-04 05:28:26",1
279,400035,mumbai,midc,,"2024-02-04 05:28:26",1
287,400036,mumbai,midc,,"2024-02-04 05:28:26",1
296,400037,mumbai,midc,,"2024-02-04 05:28:26",1
304,400038,mumbai,midc,,"2024-02-04 05:28:26",1
312,400039,mumbai,midc,,"2024-02-04 05:28:26",1
318,400040,mumbai,midc,,"2024-02-04 05:28:26",1
322,400041,mumbai,midc,,"2024-02-04 05:28:26",1
329,400042,mumbai,midc,,"2024-02-04 05:28:26",1
337,400043,mumbai,midc,,"2024-02-04 05:28:26",1
342,400044,mumbai,midc,,"2024-02-04 05:28:26",1
346,400045,mumbai,midc,,"2024-02-04 05:28:26",1
351,400046,mumbai,midc,,"2024-02-04 05:28:26",1
357,400047,mumbai,midc,,"2024-02-04 05:28:26",1
364,400048,mumbai,midc,,"2024-02-04 05:28:26",1
372,400049,mumbai,midc,,"2024-02-04 05:28:26",1
381,400050,mumbai,midc,,"2024-02-04 05:28:26",1
389,400051,mumbai,midc,,"2024-02-04 05:28:26",1
397,400052,mumbai,midc,,"2024-02-04 05:28:26",1
405,400053,mumbai,midc,,"2024-02-04 05:28:26",1
414,400054,mumbai,midc,,"2024-02-04 05:28:26",1
422,400055,mumbai,midc,,"2024-02-04 05:28:26",1
431,400056,mumbai,midc,,"2024-02-04 05:28:26",1
440,400057,mumbai,midc,,"2024-02-04 05:28:26",1
448,400058,mumbai,midc,,"2024-02-04 05:28:26",1
457,400059,mumbai,midc,,"2024-02-04 05:28:26",1
465,400060,mumbai,midc,,"2024-02-04 05:28:26",1
472,400061,mumbai,midc,,"2024-02-04 05:28:26",1
481,400062,mumbai,midc,,"2024-02-04 05:28:26",1
489,400063,mumbai,midc,,"2024-02-04 05:28:26",1
496,400064,mumbai,midc,,"2024-02-04 05:28:26",1
505,400065,mumbai,midc,,"2024-02-04 05:28:26",1
512,400066,mumbai,midc,,"2024-02-04 05:28:26",1
521,400067,mumbai,midc,,"2024-02-04 05:28:26",1
530,400068,mumbai,midc,,"2024-02-04 05:28:26",1
538,400069,mumbai,midc,,"2024-02-04 05:28:26",1
546,400070,mumbai,midc,,"2024-02-04 05:28:26",1
554,400071,mumbai,midc,,"2024-02-04 05:28:26",1
562,400072,mumbai,midc,,"2024-02-04 05:28:26",1
569,400073,mumbai,midc,,"2024-02-04 05:28:26",1
577,400074,mumbai,midc,,"2024-02-04 05:28:26",1
585,400075,mumbai,midc,,"2024-02-04 05:28:26",1
593,400076,mumbai,midc,,"2024-02-04 05:28:26",1
602,400077,mumbai,midc,,"2024-02-04 05:28:26",1
610,400078,mumbai,midc,,"2024-02-04 05:28:26",1
618,400079,mumbai,midc,,"2024-02-04 05:28:26",1
626,400080,mumbai,midc,,"2024-02-04 05:28:26",1
634,400081,mumbai,midc,,"2024-02-04 05:28:26",1
642,400082,mumbai,midc,,"2024-02-04 05:28:26",1
650,400083,mumbai,midc,,"2024-02-04 05:28:26",1
658,400084,mumbai,midc,,"2024-02-04 05:28:26",1
666,400085,mumbai,midc,,"2024-02-04 05:28:26",1
674,400086,mumbai,midc,,"2024-02-04 05:28:26",1
681,400087,mumbai,midc,,"2024-02-04 05:28:26",1
690,400088,mumbai,midc,,"2024-02-04 05:28:26",1
698,400089,mumbai,midc,,"2024-02-04 05:28:26",1
706,400090,mumbai,midc,,"2024-02-04 05:28:26",1
714,400091,mumbai,midc,,"2024-02-04 05:28:26",1
722,400092,mumbai,midc,,"2024-02-04 05:28:26",1
730,400093,mumbai,midc,,"2024-02-04 05:28:26",1
738,400094,mumbai,midc,,"2024-02-04 05:28:26",1
746,400095,mumbai,midc,,"2024-02-04 05:28:26",1
754,400096,mumbai,midc,,"2024-02-04 05:28:26",1
762,400097,mumbai,midc,,"2024-02-04 05:28:26",1
769,400098,mumbai,midc,,"2024-02-04 05:28:26",1
778,400099,mumbai,midc,,"2024-02-04 05:28:26",1
783,400100,mumbai,midc,,"2024-02-04 05:28:26",1
790,400101,mumbai,midc,,"2024-02-04 05:28:26",1
799,400102,mumbai,midc,,"2024-02-04 05:28:26",1
806,400103,mumbai,midc,,"2024-02-04 05:28:26",1
814,400104,mumbai,midc,,"2024-02-04 05:28:26",1
821,400105,mumbai,midc,,"2024-02-04 05:28:26",1
826,400106,mumbai,midc,,"2024-02-04 05:28:26",1
829,400107,mumbai,midc,,"2024-02-04 05:28:26",1
834,400108,mumbai,midc,,"2024-02-04 05:28:26",1
836,400109,mumbai,midc,,"2024-02-04 05:28:26",1
838,400110,mumbai,midc,,"2024-02-04 05:28:26",1
840,400111,mumbai,midc,,"2024-02-04 05:28:26",1
843,400112,mumbai,midc,,"2024-02-04 05:28:26",1
845,400113,mumbai,midc,,"2024-02-04 05:28:26",1
848,400114,mumbai,midc,,"2024-02-04 05:28:26",1
849,400125,mumbai,midc,,"2024-02-04 05:28:26",1
853,400162,mumbai,midc,,"2024-02-04 05:28:26",1
856,400167,mumbai,midc,,"2024-02-04 05:28:26",1
860,400202,mumbai,midc,,"2024-02-04 05:28:26",1
863,400401,mumbai,midc,,"2024-02-04 05:28:26",1
867,400410,mumbai,midc,,"2024-02-04 05:28:26",1
869,400547,mumbai,midc,,"2024-02-04 05:28:26",1
877,400613,mumbai,midc,,"2024-02-04 05:28:26",1
881,400700,mumbai,midc,,"2024-02-04 05:28:26",1
888,400701,mumbai,midc,,"2024-02-04 05:28:26",1
897,400708,mumbai,midc,,"2024-02-04 05:28:26",1
906,400709,mumbai,midc,,"2024-02-04 05:28:26",1
915,400710,mumbai,midc,,"2024-02-04 05:28:26",1
920,400713,mumbai,midc,,"2024-02-04 05:28:26",1
925,400901,mumbai,midc,,"2024-02-04 05:28:26",1
928,401016,mumbai,midc,,"2024-02-04 05:28:26",1
931,401100,mumbai,midc,,"2024-02-04 05:28:26",1
938,401104,mumbai,midc,,"2024-02-04 05:28:26",1
947,401107,mumbai,midc,,"2024-02-04 05:28:26",1
953,401200,mumbai,midc,,"2024-02-04 05:28:26",1
959,401203,mumbai,midc,,"2024-02-04 05:28:26",1
963,401214,mumbai,midc,,"2024-02-04 05:28:26",1
967,401407,mumbai,midc,,"2024-02-04 05:28:26",1
970,402225,mumbai,midc,,"2024-02-04 05:28:26",1
971,404502,mumbai,midc,,"2024-02-04 05:28:26",1
976,410107,mumbai,midc,,"2024-02-04 05:28:26",1
978,410219,"navi mumbai",midc,,"2024-02-04 05:28:26",1
980,410303,mumbai,midc,,"2024-02-04 05:28:26",1
983,410708,mumbai,midc,,"2024-02-04 05:28:26",1
989,421001,mumbai,midc,,"2024-02-04 05:28:26",1
997,421003,mumbai,midc,,"2024-02-04 05:28:26",1
1005,421004,mumbai,midc,,"2024-02-04 05:28:26",1
1013,421005,mumbai,midc,,"2024-02-04 05:28:26",1
1023,421051,mumbai,midc,,"2024-02-04 05:28:26",1
1028,421205,mumbai,midc,,"2024-02-04 05:28:26",1
1031,421206,mumbai,midc,,"2024-02-04 05:28:26",1
1037,421306,mumbai,midc,,"2024-02-04 05:28:26",1
1045,421502,mumbai,midc,,"2024-02-04 05:28:26",1
1059,421507,mumbai,midc,,"2024-02-04 05:28:26",1
1063,421607,mumbai,midc,,"2024-02-04 05:28:26",1
1067,410219,"navi mumbai",midc,,"2024-02-04 05:28:26",1
1075,440001,nagpur,midc,,"2024-02-04 05:28:26",1
1084,440002,nagpur,midc,,"2024-02-04 05:28:26",1
1093,440003,nagpur,midc,,"2024-02-04 05:28:26",1
1102,440004,nagpur,midc,,"2024-02-04 05:28:26",1
1111,440005,nagpur,midc,,"2024-02-04 05:28:26",1
1120,440006,nagpur,midc,,"2024-02-04 05:28:26",1
1129,440007,nagpur,midc,,"2024-02-04 05:28:26",1
1138,440008,nagpur,midc,,"2024-02-04 05:28:26",1
1147,440009,nagpur,midc,,"2024-02-04 05:28:26",1
1156,440010,nagpur,midc,,"2024-02-04 05:28:26",1
1165,440011,nagpur,midc,,"2024-02-04 05:28:26",1
1174,440012,nagpur,midc,,"2024-02-04 05:28:26",1
1182,440013,nagpur,midc,,"2024-02-04 05:28:26",1
1191,440014,nagpur,midc,,"2024-02-04 05:28:26",1
1200,440015,nagpur,midc,,"2024-02-04 05:28:26",1
1209,440016,nagpur,midc,,"2024-02-04 05:28:26",1
1218,440017,nagpur,midc,,"2024-02-04 05:28:26",1
1227,440018,nagpur,midc,,"2024-02-04 05:28:26",1
1236,440019,nagpur,midc,,"2024-02-04 05:28:26",1
1245,440020,nagpur,midc,,"2024-02-04 05:28:26",1
1254,440021,nagpur,midc,,"2024-02-04 05:28:26",1
1263,440022,nagpur,midc,,"2024-02-04 05:28:26",1
1272,440023,nagpur,midc,,"2024-02-04 05:28:26",1
1280,440024,nagpur,midc,,"2024-02-04 05:28:26",1
1289,440025,nagpur,midc,,"2024-02-04 05:28:26",1
1298,440026,nagpur,midc,,"2024-02-04 05:28:26",1
1306,440027,nagpur,midc,,"2024-02-04 05:28:26",1
1315,440028,nagpur,midc,,"2024-02-04 05:28:26",1
1324,440029,nagpur,midc,,"2024-02-04 05:28:26",1
1333,440030,nagpur,midc,,"2024-02-04 05:28:26",1
1339,440031,nagpur,midc,,"2024-02-04 05:28:26",1
1346,440032,nagpur,midc,,"2024-02-04 05:28:26",1
1355,440033,nagpur,midc,,"2024-02-04 05:28:26",1
1363,440034,nagpur,midc,,"2024-02-04 05:28:26",1
1372,440035,nagpur,midc,,"2024-02-04 05:28:26",1
1381,440036,nagpur,midc,,"2024-02-04 05:28:26",1
1389,440037,nagpur,midc,,"2024-02-04 05:28:26",1
1394,440038,nagpur,midc,,"2024-02-04 05:28:26",1
1399,440104,nagpur,midc,,"2024-02-04 05:28:26",1
1401,440531,nagpur,midc,,"2024-02-04 05:28:26",1
1407,441001,nagpur,midc,,"2024-02-04 05:28:26",1
1430,441104,nagpur,midc,,"2024-02-04 05:28:26",1
1444,441106,nagpur,midc,,"2024-02-04 05:28:26",1
1457,441108,nagpur,midc,,"2024-02-04 05:28:26",1
1471,441110,nagpur,midc,,"2024-02-04 05:28:26",1
1479,441111,nagpur,midc,,"2024-02-04 05:28:26",1
1487,441122,nagpur,midc,,"2024-02-04 05:28:26",1
1497,441125,nagpur,midc,,"2024-02-04 05:28:26",1
1511,441216,nagpur,midc,,"2024-02-04 05:28:26",1
1528,441401,nagpur,midc,,"2024-02-04 05:28:26",1
1532,441402,nagpur,midc,,"2024-02-04 05:28:26",1
1543,441501,nagpur,midc,,"2024-02-04 05:28:26",1
1553,441503,nagpur,midc,,"2024-02-04 05:28:26",1
1571,410401,pune,midc,,"2024-02-04 05:28:26",1
1593,410410,pune,midc,,"2024-02-04 05:28:26",1
1598,410501,pune,midc,,"2024-02-04 05:28:26",1
1605,410503,pune,midc,,"2024-02-04 05:28:26",1
1612,410504,pune,midc,,"2024-02-04 05:28:26",1
1620,410506,pune,midc,,"2024-02-04 05:28:26",1
1629,410507,pune,midc,,"2024-02-04 05:28:26",1
1650,410615,pune,midc,,"2024-02-04 05:28:26",1
1653,410707,pune,midc,,"2024-02-04 05:28:26",1
1657,411000,pune,midc,,"2024-02-04 05:28:26",1
1664,411001,pune,midc,,"2024-02-04 05:28:26",1
1672,411002,pune,midc,,"2024-02-04 05:28:26",1
1680,411003,pune,midc,,"2024-02-04 05:28:26",1
1688,411004,pune,midc,,"2024-02-04 05:28:26",1
1697,411005,pune,midc,,"2024-02-04 05:28:26",1
1704,411006,pune,midc,,"2024-02-04 05:28:26",1
1713,411007,pune,midc,,"2024-02-04 05:28:26",1
1722,411008,pune,midc,,"2024-02-04 05:28:26",1
1730,411009,pune,midc,,"2024-02-04 05:28:26",1
1747,411011,pune,midc,,"2024-02-04 05:28:26",1
1755,411012,pune,midc,,"2024-02-04 05:28:26",1
1764,411013,pune,midc,,"2024-02-04 05:28:26",1
1773,411014,pune,midc,,"2024-02-04 05:28:26",1
1782,411015,pune,midc,,"2024-02-04 05:28:26",1
1791,411016,pune,midc,,"2024-02-04 05:28:26",1
1799,411017,pune,midc,,"2024-02-04 05:28:26",1
1807,411018,pune,midc,,"2024-02-04 05:28:26",1
1815,411019,pune,midc,,"2024-02-04 05:28:26",1
1823,411020,pune,midc,,"2024-02-04 05:28:26",1
1831,411021,pune,midc,,"2024-02-04 05:28:26",1
1839,411022,pune,midc,,"2024-02-04 05:28:26",1
1848,411023,pune,midc,,"2024-02-04 05:28:26",1
1856,411024,pune,midc,,"2024-02-04 05:28:26",1
1863,411025,pune,midc,,"2024-02-04 05:28:26",1
1870,411026,pune,midc,,"2024-02-04 05:28:26",1
1878,411027,pune,midc,,"2024-02-04 05:28:26",1
1887,411028,pune,midc,,"2024-02-04 05:28:26",1
1896,411029,pune,midc,,"2024-02-04 05:28:26",1
1905,411030,pune,midc,,"2024-02-04 05:28:26",1
1913,411031,pune,midc,,"2024-02-04 05:28:26",1
1921,411032,pune,midc,,"2024-02-04 05:28:26",1
1930,411033,pune,midc,,"2024-02-04 05:28:26",1
1938,411034,pune,midc,,"2024-02-04 05:28:26",1
1946,411035,pune,midc,,"2024-02-04 05:28:26",1
1954,411036,pune,midc,,"2024-02-04 05:28:26",1
1963,411037,pune,midc,,"2024-02-04 05:28:26",1
1972,411038,pune,midc,,"2024-02-04 05:28:26",1
1981,411039,pune,midc,,"2024-02-04 05:28:26",1
1989,411040,pune,midc,,"2024-02-04 05:28:26",1
1998,411041,pune,midc,,"2024-02-04 05:28:26",1
2006,411042,pune,midc,,"2024-02-04 05:28:26",1
2014,411043,pune,midc,,"2024-02-04 05:28:26",1
2023,411044,pune,midc,,"2024-02-04 05:28:26",1
2031,411045,pune,midc,,"2024-02-04 05:28:26",1
2039,411046,pune,midc,,"2024-02-04 05:28:26",1
2048,411047,pune,midc,,"2024-02-04 05:28:26",1
2057,411048,pune,midc,,"2024-02-04 05:28:26",1
2064,411049,pune,midc,,"2024-02-04 05:28:26",1
2070,411050,pune,midc,,"2024-02-04 05:28:26",1
2077,411051,pune,midc,,"2024-02-04 05:28:26",1
2085,411052,pune,midc,,"2024-02-04 05:28:26",1
2094,411053,pune,midc,,"2024-02-04 05:28:26",1
2100,411054,pune,midc,,"2024-02-04 05:28:26",1
2106,411055,pune,midc,,"2024-02-04 05:28:26",1
2111,411056,pune,midc,,"2024-02-04 05:28:26",1
2117,411057,pune,midc,,"2024-02-04 05:28:26",1
2124,411058,pune,midc,,"2024-02-04 05:28:26",1
2133,411060,pune,midc,,"2024-02-04 05:28:26",1
2141,411061,pune,midc,,"2024-02-04 05:28:26",1
2150,411062,pune,midc,,"2024-02-04 05:28:26",1
2201,411099,pune,midc,,"2024-02-04 05:28:26",1
2204,411100,pune,midc,,"2024-02-04 05:28:26",1
2206,411105,pune,midc,,"2024-02-04 05:28:26",1
2209,411107,pune,midc,,"2024-02-04 05:28:26",1
2213,411125,pune,midc,,"2024-02-04 05:28:26",1
2215,411201,pune,midc,,"2024-02-04 05:28:26",1
2222,411220,pune,midc,,"2024-02-04 05:28:26",1
2225,411230,pune,midc,,"2024-02-04 05:28:26",1
2228,411406,pune,midc,,"2024-02-04 05:28:26",1
2231,411412,pune,midc,,"2024-02-04 05:28:26",1
2235,411501,pune,midc,,"2024-02-04 05:28:26",1
2238,411925,pune,midc,,"2024-02-04 05:28:26",1
2242,412001,pune,midc,,"2024-02-04 05:28:26",1
2248,412101,pune,midc,,"2024-02-04 05:28:26",1
2265,412105,pune,midc,,"2024-02-04 05:28:26",1
2280,412109,pune,midc,,"2024-02-04 05:28:26",1
2292,412111,pune,midc,,"2024-02-04 05:28:26",1
2302,412114,pune,midc,,"2024-02-04 05:28:26",1
2309,412115,pune,midc,,"2024-02-04 05:28:26",1
2314,412119,pune,midc,,"2024-02-04 05:28:26",1
2319,412201,pune,midc,,"2024-02-04 05:28:26",1
2326,412202,pune,midc,,"2024-02-04 05:28:26",1
2333,412203,pune,midc,,"2024-02-04 05:28:26",1
2341,412205,pune,midc,,"2024-02-04 05:28:26",1
2348,412209,pune,midc,,"2024-02-04 05:28:26",1
2354,412210,pune,midc,,"2024-02-04 05:28:26",1
2365,412214,pune,midc,,"2024-02-04 05:28:26",1
2376,412220,pune,midc,,"2024-02-04 05:28:26",1
2382,412301,pune,midc,,"2024-02-04 05:28:26",1
2393,412303,pune,midc,,"2024-02-04 05:28:26",1
2409,412307,pune,midc,,"2024-02-04 05:28:26",1
2418,412308,pune,midc,,"2024-02-04 05:28:26",1
2423,412309,pune,midc,,"2024-02-04 05:28:26",1
2426,412310,pune,midc,,"2024-02-04 05:28:26",1
2444,412407,pune,midc,,"2024-02-04 05:28:26",1
2455,412412,pune,midc,,"2024-02-04 05:28:26",1
2474,422001,nashik,midc,,"2024-02-04 05:28:26",1
2483,422002,nashik,midc,,"2024-02-04 05:28:26",1
2492,422003,nashik,midc,,"2024-02-04 05:28:26",1
2501,422004,nashik,midc,,"2024-02-04 05:28:26",1
2510,422005,nashik,midc,,"2024-02-04 05:28:26",1
2519,422006,nashik,midc,,"2024-02-04 05:28:26",1
2527,422007,nashik,midc,,"2024-02-04 05:28:26",1
2536,422008,nashik,midc,,"2024-02-04 05:28:26",1
2545,422009,nashik,midc,,"2024-02-04 05:28:26",1
2554,422010,nashik,midc,,"2024-02-04 05:28:26",1
2563,422011,nashik,midc,,"2024-02-04 05:28:26",1
2572,422012,nashik,midc,,"2024-02-04 05:28:26",1
2581,422013,nashik,midc,,"2024-02-04 05:28:26",1
2590,422101,nashik,midc,,"2024-02-04 05:28:26",1
2598,422102,nashik,midc,,"2024-02-04 05:28:26",1
2608,422106,nashik,midc,,"2024-02-04 05:28:26",1
2611,422107,nashik,midc,,"2024-02-04 05:28:26",1
2614,422108,nashik,midc,,"2024-02-04 05:28:26",1
2617,422111,nashik,midc,,"2024-02-04 05:28:26",1
2625,422202,nashik,midc,,"2024-02-04 05:28:26",1
2641,422206,nashik,midc,,"2024-02-04 05:28:26",1
2649,422207,nashik,midc,,"2024-02-04 05:28:26",1
2657,422209,nashik,midc,,"2024-02-04 05:28:26",1
2682,422217,nashik,midc,,"2024-02-04 05:28:26",1
2685,422220,nashik,midc,,"2024-02-04 05:28:26",1
2703,422401,nashik,midc,,"2024-02-04 05:28:26",1
2708,422405,nashik,midc,,"2024-02-04 05:28:26",1
2713,422501,nashik,midc,,"2024-02-04 05:28:26",1
2723,422503,nashik,midc,,"2024-02-04 05:28:26",1
2732,400201,thane,midc,,"2024-02-04 05:28:26",1
2736,400207,thane,midc,,"2024-02-04 05:28:26",1
2739,400208,thane,midc,,"2024-02-04 05:28:26",1
2740,400209,thane,midc,,"2024-02-04 05:28:26",1
2746,400601,thane,midc,,"2024-02-04 05:28:26",1
2755,400602,thane,midc,,"2024-02-04 05:28:26",1
2764,400603,thane,midc,,"2024-02-04 05:28:26",1
2773,400604,thane,midc,,"2024-02-04 05:28:26",1
2782,400605,thane,midc,,"2024-02-04 05:28:26",1
2791,400606,thane,midc,,"2024-02-04 05:28:26",1
2800,400607,thane,midc,,"2024-02-04 05:28:26",1
2809,400608,thane,midc,,"2024-02-04 05:28:26",1
2818,400609,thane,midc,,"2024-02-04 05:28:26",1
2826,400610,thane,midc,,"2024-02-04 05:28:26",1
2835,400611,thane,midc,,"2024-02-04 05:28:26",1
2842,400614,thane,midc,,"2024-02-04 05:28:26",1
2851,400615,thane,midc,,"2024-02-04 05:28:26",1
2857,400617,thane,midc,,"2024-02-04 05:28:26",1
2864,400703,thane,midc,,"2024-02-04 05:28:26",1
2873,400705,thane,midc,,"2024-02-04 05:28:26",1
2882,400706,thane,midc,,"2024-02-04 05:28:26",1
2891,401101,thane,midc,,"2024-02-04 05:28:26",1
2899,401105,thane,midc,,"2024-02-04 05:28:26",1
2919,401301,thane,midc,,"2024-02-04 05:28:26",1
2931,420421,thane,midc,,"2024-02-04 05:28:26",1
2939,421103,thane,midc,,"2024-02-04 05:28:26",1
2947,421202,thane,midc,,"2024-02-04 05:28:26",1
2954,421203,thane,midc,,"2024-02-04 05:28:26",1
2961,421302,thane,midc,,"2024-02-04 05:28:26",1
2968,421305,thane,midc,,"2024-02-04 05:28:26",1
2971,421307,thane,midc,,"2024-02-04 05:28:26",1
2976,421308,thane,midc,,"2024-02-04 05:28:26",1
2981,421311,thane,midc,,"2024-02-04 05:28:26",1
2988,421501,thane,midc,,"2024-02-04 05:28:26",1
2996,421505,thane,midc,,"2024-02-04 05:28:26",1
3005,421602,thane,midc,,"2024-02-04 05:28:26",1
3010,421603,thane,midc,,"2024-02-04 05:28:26",1
3014,421605,thane,midc,,"2024-02-04 05:28:26",1
3020,431302,thane,midc,,"2024-02-04 05:28:26",1
3026,394010,surat,midc,,"2024-02-04 05:28:26",1
3034,394101,surat,midc,,"2024-02-04 05:28:26",1
3043,394105,surat,midc,,"2024-02-04 05:28:26",1
3086,394150,surat,midc,,"2024-02-04 05:28:26",1
3110,394185,surat,midc,,"2024-02-04 05:28:26",1
3126,394210,surat,midc,,"2024-02-04 05:28:26",1
3134,394211,surat,midc,,"2024-02-04 05:28:26",1
3139,394212,surat,midc,,"2024-02-04 05:28:26",1
3144,394218,surat,midc,,"2024-02-04 05:28:26",1
3150,394220,surat,midc,,"2024-02-04 05:28:26",1
3159,394221,surat,midc,,"2024-02-04 05:28:26",1
3167,394230,surat,midc,,"2024-02-04 05:28:26",1
3195,394270,surat,midc,,"2024-02-04 05:28:26",1
3209,394325,surat,midc,,"2024-02-04 05:28:26",1
3220,394327,surat,midc,,"2024-02-04 05:28:26",1
3266,394510,surat,midc,,"2024-02-04 05:28:26",1
3274,394515,surat,midc,,"2024-02-04 05:28:26",1
3289,394517,surat,midc,,"2024-02-04 05:28:26",1
3296,394518,surat,midc,,"2024-02-04 05:28:26",1
3326,395001,surat,midc,,"2024-02-04 05:28:26",1
3334,395002,surat,midc,,"2024-02-04 05:28:26",1
3342,395003,surat,midc,,"2024-02-04 05:28:26",1
3349,395004,surat,midc,,"2024-02-04 05:28:26",1
3358,395005,surat,midc,,"2024-02-04 05:28:26",1
3367,395006,surat,midc,,"2024-02-04 05:28:26",1
3376,395007,surat,midc,,"2024-02-04 05:28:26",1
3385,395008,surat,midc,,"2024-02-04 05:28:26",1
3394,395009,surat,midc,,"2024-02-04 05:28:26",1
3403,395010,surat,midc,,"2024-02-04 05:28:26",1
3430,395016,surat,midc,,"2024-02-04 05:28:26",1
3437,395017,surat,midc,,"2024-02-04 05:28:26",1
3443,395018,surat,midc,,"2024-02-04 05:28:26",1
3447,395021,surat,midc,,"2024-02-04 05:28:26",1
3454,395023,surat,midc,,"2024-02-04 05:28:26",1
3460,395210,surat,midc,,"2024-02-04 05:28:26",1
3469,363610,ahmedabad,vki,,"2024-02-04 05:28:26",1
3471,380000,ahmedabad,vki,,"2024-02-04 05:28:26",1
3477,380001,ahmedabad,vki,,"2024-02-04 05:28:26",1
3484,380002,ahmedabad,vki,,"2024-02-04 05:28:26",1
3492,380003,ahmedabad,vki,,"2024-02-04 05:28:26",1
3501,380004,ahmedabad,vki,,"2024-02-04 05:28:26",1
3510,380005,ahmedabad,vki,,"2024-02-04 05:28:26",1
3519,380006,ahmedabad,vki,,"2024-02-04 05:28:26",1
3527,380007,ahmedabad,vki,,"2024-02-04 05:28:26",1
3535,380008,ahmedabad,vki,,"2024-02-04 05:28:26",1
3543,380009,ahmedabad,vki,,"2024-02-04 05:28:26",1
3550,380010,ahmedabad,vki,,"2024-02-04 05:28:26",1
3554,380011,ahmedabad,vki,,"2024-02-04 05:28:26",1
3561,380012,ahmedabad,vki,,"2024-02-04 05:28:26",1
3570,380013,ahmedabad,vki,,"2024-02-04 05:28:26",1
3578,380014,ahmedabad,vki,,"2024-02-04 05:28:26",1
3586,380015,ahmedabad,vki,,"2024-02-04 05:28:26",1
3594,380016,ahmedabad,vki,,"2024-02-04 05:28:26",1
3602,380017,ahmedabad,vki,,"2024-02-04 05:28:26",1
3610,380018,ahmedabad,vki,,"2024-02-04 05:28:26",1
3619,380019,ahmedabad,vki,,"2024-02-04 05:28:26",1
3625,380020,ahmedabad,vki,,"2024-02-04 05:28:26",1
3632,380021,ahmedabad,vki,,"2024-02-04 05:28:26",1
3640,380022,ahmedabad,vki,,"2024-02-04 05:28:26",1
3648,380023,ahmedabad,vki,,"2024-02-04 05:28:26",1
3657,380024,ahmedabad,vki,,"2024-02-04 05:28:26",1
3666,380025,ahmedabad,vki,,"2024-02-04 05:28:26",1
3675,380026,ahmedabad,vki,,"2024-02-04 05:28:26",1
3683,380027,ahmedabad,vki,,"2024-02-04 05:28:26",1
3691,380028,ahmedabad,vki,,"2024-02-04 05:28:26",1
3696,380029,ahmedabad,vki,,"2024-02-04 05:28:26",1
3700,380030,ahmedabad,vki,,"2024-02-04 05:28:26",1
3703,380038,ahmedabad,vki,,"2024-02-04 05:28:26",1
3707,380041,ahmedabad,vki,,"2024-02-04 05:28:26",1
3712,380045,ahmedabad,vki,,"2024-02-04 05:28:26",1
3722,380050,ahmedabad,vki,,"2024-02-04 05:28:26",1
3730,380051,ahmedabad,vki,,"2024-02-04 05:28:26",1
3738,380052,ahmedabad,vki,,"2024-02-04 05:28:26",1
3746,380053,ahmedabad,vki,,"2024-02-04 05:28:26",1
3754,380054,ahmedabad,vki,,"2024-02-04 05:28:26",1
3761,380055,ahmedabad,vki,,"2024-02-04 05:28:26",1
3767,380056,ahmedabad,vki,,"2024-02-04 05:28:26",1
3771,380057,ahmedabad,vki,,"2024-02-04 05:28:26",1
3777,380058,ahmedabad,vki,,"2024-02-04 05:28:26",1
3785,380059,ahmedabad,vki,,"2024-02-04 05:28:26",1
3793,380060,ahmedabad,vki,,"2024-02-04 05:28:26",1
3801,380061,ahmedabad,vki,,"2024-02-04 05:28:26",1
3806,380062,ahmedabad,vki,,"2024-02-04 05:28:26",1
3813,380063,ahmedabad,vki,,"2024-02-04 05:28:26",1
3820,380123,ahmedabad,vki,,"2024-02-04 05:28:26",1
3824,380202,ahmedabad,vki,,"2024-02-04 05:28:26",1
3827,380210,ahmedabad,vki,,"2024-02-04 05:28:26",1
3830,380215,ahmedabad,vki,,"2024-02-04 05:28:26",1
3832,380316,ahmedabad,vki,,"2024-02-04 05:28:26",1
3835,380330,ahmedabad,vki,,"2024-02-04 05:28:26",1
3839,380481,ahmedabad,vki,,"2024-02-04 05:28:26",1
3847,382001,ahmedabad,vki,,"2024-02-04 05:28:26",1
3855,382002,ahmedabad,vki,,"2024-02-04 05:28:26",1
3863,382003,ahmedabad,vki,,"2024-02-04 05:28:26",1
3871,382004,ahmedabad,vki,,"2024-02-04 05:28:26",1
3879,382005,ahmedabad,vki,,"2024-02-04 05:28:26",1
3887,382008,ahmedabad,vki,,"2024-02-04 05:28:26",1
3895,382011,ahmedabad,vki,,"2024-02-04 05:28:26",1
3903,382012,ahmedabad,vki,,"2024-02-04 05:28:26",1
3911,382013,ahmedabad,vki,,"2024-02-04 05:28:26",1
3919,382014,ahmedabad,vki,,"2024-02-04 05:28:26",1
3927,382015,ahmedabad,vki,,"2024-02-04 05:28:26",1
3935,382017,ahmedabad,vki,,"2024-02-04 05:28:26",1
3943,382018,ahmedabad,vki,,"2024-02-04 05:28:26",1
3951,382019,ahmedabad,vki,,"2024-02-04 05:28:26",1
3959,382020,ahmedabad,vki,,"2024-02-04 05:28:26",1
3967,382022,ahmedabad,vki,,"2024-02-04 05:28:26",1
3975,382023,ahmedabad,vki,,"2024-02-04 05:28:26",1
3983,382025,ahmedabad,vki,,"2024-02-04 05:28:26",1
3991,382026,ahmedabad,vki,,"2024-02-04 05:28:26",1
3999,382027,ahmedabad,vki,,"2024-02-04 05:28:26",1
4007,382029,ahmedabad,vki,,"2024-02-04 05:28:26",1
4014,382044,ahmedabad,vki,,"2024-02-04 05:28:26",1
4019,382051,ahmedabad,vki,,"2024-02-04 05:28:26",1
4025,382110,ahmedabad,vki,,"2024-02-04 05:28:26",1
4037,382120,ahmedabad,vki,,"2024-02-04 05:28:26",1
4040,382130,ahmedabad,vki,,"2024-02-04 05:28:26",1
4047,382155,ahmedabad,vki,,"2024-02-04 05:28:26",1
4053,382210,ahmedabad,vki,,"2024-02-04 05:28:26",1
4061,382230,ahmedabad,vki,,"2024-02-04 05:28:26",1
4073,382310,ahmedabad,vki,,"2024-02-04 05:28:26",1
4083,382316,ahmedabad,vki,,"2024-02-04 05:28:26",1
4087,382324,ahmedabad,vki,,"2024-02-04 05:28:26",1
4092,382325,ahmedabad,vki,,"2024-02-04 05:28:26",1
4103,382330,ahmedabad,vki,,"2024-02-04 05:28:26",1
4113,382340,ahmedabad,vki,,"2024-02-04 05:28:26",1
4120,382345,ahmedabad,vki,,"2024-02-04 05:28:26",1
4128,382346,ahmedabad,vki,,"2024-02-04 05:28:26",1
4137,382350,ahmedabad,vki,,"2024-02-04 05:28:26",1
4144,382352,ahmedabad,vki,,"2024-02-04 05:28:26",1
4148,382360,ahmedabad,vki,,"2024-02-04 05:28:26",1
4152,382404,ahmedabad,vki,,"2024-02-04 05:28:26",1
4158,382405,ahmedabad,vki,,"2024-02-04 05:28:26",1
4165,382410,ahmedabad,vki,,"2024-02-04 05:28:26",1
4173,382415,ahmedabad,vki,,"2024-02-04 05:28:26",1
4181,382418,ahmedabad,vki,,"2024-02-04 05:28:26",1
4185,382420,ahmedabad,vki,,"2024-02-04 05:28:26",1
4192,382424,ahmedabad,vki,,"2024-02-04 05:28:26",1
4210,382427,ahmedabad,vki,,"2024-02-04 05:28:26",1
4217,382428,ahmedabad,vki,,"2024-02-04 05:28:26",1
4226,382430,ahmedabad,vki,,"2024-02-04 05:28:26",1
4231,382433,ahmedabad,vki,,"2024-02-04 05:28:26",1
4235,382435,ahmedabad,vki,,"2024-02-04 05:28:26",1
4241,382440,ahmedabad,vki,,"2024-02-04 05:28:26",1
4246,382442,ahmedabad,vki,,"2024-02-04 05:28:26",1
4254,382443,ahmedabad,vki,,"2024-02-04 05:28:26",1
4262,382445,ahmedabad,vki,,"2024-02-04 05:28:26",1
4270,382449,ahmedabad,vki,,"2024-02-04 05:28:26",1
4278,382470,ahmedabad,vki,,"2024-02-04 05:28:26",1
4287,382475,ahmedabad,vki,,"2024-02-04 05:28:26",1
4296,382480,ahmedabad,vki,,"2024-02-04 05:28:26",1
4304,382481,ahmedabad,vki,,"2024-02-04 05:28:26",1
4308,382655,ahmedabad,vki,,"2024-02-04 05:28:26",1
4316,390001,vadodara,midc,,"2024-02-04 05:28:26",1
4325,390002,vadodara,midc,,"2024-02-04 05:28:26",1
4334,390003,vadodara,midc,,"2024-02-04 05:28:26",1
4343,390004,vadodara,midc,,"2024-02-04 05:28:26",1
4352,390005,vadodara,midc,,"2024-02-04 05:28:26",1
4361,390006,vadodara,midc,,"2024-02-04 05:28:26",1
4370,390007,vadodara,midc,,"2024-02-04 05:28:26",1
4379,390008,vadodara,midc,,"2024-02-04 05:28:26",1
4388,390009,vadodara,midc,,"2024-02-04 05:28:26",1
4397,390010,vadodara,midc,,"2024-02-04 05:28:26",1
4406,390011,vadodara,midc,,"2024-02-04 05:28:26",1
4423,390013,vadodara,midc,,"2024-02-04 05:28:26",1
4432,390014,vadodara,midc,,"2024-02-04 05:28:26",1
4441,390015,vadodara,midc,,"2024-02-04 05:28:26",1
4450,390016,vadodara,midc,,"2024-02-04 05:28:26",1
4459,390017,vadodara,midc,,"2024-02-04 05:28:26",1
4468,390018,vadodara,midc,,"2024-02-04 05:28:26",1
4477,390019,vadodara,midc,,"2024-02-04 05:28:26",1
4486,390020,vadodara,midc,,"2024-02-04 05:28:26",1
4495,390021,vadodara,midc,,"2024-02-04 05:28:26",1
4504,390022,vadodara,midc,,"2024-02-04 05:28:26",1
4513,390023,vadodara,midc,,"2024-02-04 05:28:26",1
4522,390024,vadodara,midc,,"2024-02-04 05:28:26",1
4531,390025,vadodara,midc,,"2024-02-04 05:28:26",1
4580,391310,vadodara,midc,,"2024-02-04 05:28:26",1
4587,391320,vadodara,midc,,"2024-02-04 05:28:26",1
4600,391340,vadodara,midc,,"2024-02-04 05:28:26",1
4619,391347,vadodara,midc,,"2024-02-04 05:28:26",1
4626,391350,vadodara,midc,,"2024-02-04 05:28:26",1
4633,391410,vadodara,midc,,"2024-02-04 05:28:26",1
4667,391740,vadodara,midc,,"2024-02-04 05:28:26",1
4684,391750,vadodara,midc,,"2024-02-04 05:28:26",1
4692,391760,vadodara,midc,,"2024-02-04 05:28:26",1
4699,391770,vadodara,midc,,"2024-02-04 05:28:26",1
4705,391775,vadodara,midc,,"2024-02-04 05:28:26",1
4714,360001,rajkot,midc,,"2024-02-04 05:28:26",1
4722,360002,rajkot,midc,,"2024-02-04 05:28:26",1
4730,360003,rajkot,midc,,"2024-02-04 05:28:26",1
4738,360004,rajkot,midc,,"2024-02-04 05:28:26",1
4746,360005,rajkot,midc,,"2024-02-04 05:28:26",1
4754,360006,rajkot,midc,,"2024-02-04 05:28:26",1
4762,360007,rajkot,midc,,"2024-02-04 05:28:26",1
4787,360020,rajkot,midc,,"2024-02-04 05:28:26",1
4793,360021,rajkot,midc,,"2024-02-04 05:28:26",1
4804,360023,rajkot,midc,,"2024-02-04 05:28:26",1
4809,360024,rajkot,midc,,"2024-02-04 05:28:26",1
4820,360034,rajkot,midc,,"2024-02-04 05:28:26",1
4823,360035,rajkot,midc,,"2024-02-04 05:28:26",1
4826,360110,rajkot,midc,,"2024-02-04 05:28:26",1
4838,365001,rajkot,midc,,"2024-02-04 05:28:26",1
4841,346002,bhavnagar,vki,,"2024-02-04 05:28:26",1
4844,346003,bhavnagar,vki,,"2024-02-04 05:28:26",1
4847,346004,bhavnagar,vki,,"2024-02-04 05:28:26",1
4850,346005,bhavnagar,vki,,"2024-02-04 05:28:26",1
4854,346110,bhavnagar,vki,,"2024-02-04 05:28:26",1
4860,364001,bhavnagar,vki,,"2024-02-04 05:28:26",1
4869,364002,bhavnagar,vki,,"2024-02-04 05:28:26",1
4878,364003,bhavnagar,vki,,"2024-02-04 05:28:26",1
4887,364004,bhavnagar,vki,,"2024-02-04 05:28:26",1
4896,364005,bhavnagar,vki,,"2024-02-04 05:28:26",1
4905,364006,bhavnagar,vki,,"2024-02-04 05:28:26",1
4973,364290,bhavnagar,vki,,"2024-02-04 05:28:26",1
5016,361001,jamnagar,midc,,"2024-02-04 05:28:26",1
5024,361002,jamnagar,midc,,"2024-02-04 05:28:26",1
5032,361003,jamnagar,midc,,"2024-02-04 05:28:26",1
5040,361004,jamnagar,midc,,"2024-02-04 05:28:26",1
5048,361005,jamnagar,midc,,"2024-02-04 05:28:26",1
5056,361006,jamnagar,midc,,"2024-02-04 05:28:26",1
5064,361007,jamnagar,midc,,"2024-02-04 05:28:26",1
5072,361008,jamnagar,midc,,"2024-02-04 05:28:26",1
5087,361101,jamnagar,midc,,"2024-02-04 05:28:26",1
5105,361140,jamnagar,midc,,"2024-02-04 05:28:26",1
5127,361150,jamnagar,midc,,"2024-02-04 05:28:26",1
5166,382006,"gandhi nagar",midc,,"2024-02-04 05:28:26",1
5174,382007,"gandhi nagar",midc,,"2024-02-04 05:28:26",1
5182,382009,"gandhi nagar",midc,,"2024-02-04 05:28:26",1
5190,382010,"gandhi nagar",midc,,"2024-02-04 05:28:26",1
5198,382016,"gandhi nagar",midc,,"2024-02-04 05:28:26",1
5206,382021,"gandhi nagar",midc,,"2024-02-04 05:28:26",1
5214,382024,"gandhi nagar",midc,,"2024-02-04 05:28:26",1
5222,382028,"gandhi nagar",midc,,"2024-02-04 05:28:26",1
5230,382030,"gandhi nagar",midc,,"2024-02-04 05:28:26",1
5238,382041,"gandhi nagar",midc,,"2024-02-04 05:28:26",1
5245,382042,"gandhi nagar",midc,,"2024-02-04 05:28:26",1
5251,382043,"gandhi nagar",midc,,"2024-02-04 05:28:26",1
5257,382045,"gandhi nagar",midc,,"2024-02-04 05:28:26",1
5264,382305,"gandhi nagar",midc,,"2024-02-04 05:28:26",1
5287,382421,"gandhi nagar",midc,,"2024-02-04 05:28:26",1
5306,382610,"gandhi nagar",midc,,"2024-02-04 05:28:26",1
5316,382625,"gandhi nagar",midc,,"2024-02-04 05:28:26",1
5318,382644,"gandhi nagar",midc,,"2024-02-04 05:28:26",1
5334,382845,"gandhi nagar",midc,,"2024-02-04 05:28:26",1
5341,302000,jaipur," Vki",,"2024-02-04 05:28:26",1
5348,302001,jaipur," Vki",,"2024-02-04 05:28:26",1
5357,302002,jaipur," Vki",,"2024-02-04 05:28:26",1
5366,302003,jaipur," Vki",,"2024-02-04 05:28:26",1
5374,302004,jaipur," Vki",,"2024-02-04 05:28:26",1
5382,302005,jaipur," Vki",,"2024-02-04 05:28:26",1
5391,302006,jaipur," Vki",,"2024-02-04 05:28:26",1
5400,302007,jaipur," Vki",,"2024-02-04 05:28:26",1
5409,302008,jaipur," Vki",,"2024-02-04 05:28:26",1
5418,302009,jaipur," Vki",,"2024-02-04 05:28:26",1
5426,302010,jaipur," Vki",,"2024-02-04 05:28:26",1
5434,302011,jaipur," Vki",,"2024-02-04 05:28:26",1
5441,302012,jaipur," Vki",,"2024-02-04 05:28:26",1
5450,302013,jaipur," Vki",,"2024-02-04 05:28:26",1
5458,302014,jaipur," Vki",,"2024-02-04 05:28:26",1
5466,302015,jaipur," Vki",,"2024-02-04 05:28:26",1
5475,302016,jaipur," Vki",,"2024-02-04 05:28:26",1
5484,302017,jaipur," Vki",,"2024-02-04 05:28:26",1
5492,302018,jaipur," Vki",,"2024-02-04 05:28:26",1
5500,302019,jaipur," Vki",,"2024-02-04 05:28:26",1
5508,302020,jaipur," Vki",,"2024-02-04 05:28:26",1
5517,302021,jaipur," Vki",,"2024-02-04 05:28:26",1
5524,302022,jaipur," Vki",,"2024-02-04 05:28:26",1
5532,302023,jaipur," Vki",,"2024-02-04 05:28:26",1
5541,302024,jaipur," Vki",,"2024-02-04 05:28:26",1
5548,302025,jaipur," Vki",,"2024-02-04 05:28:26",1
5557,302026,jaipur," Vki",,"2024-02-04 05:28:26",1
5564,302027,jaipur," Vki",,"2024-02-04 05:28:26",1
5573,302029,jaipur," Vki",,"2024-02-04 05:28:26",1
5583,302031,jaipur," Vki",,"2024-02-04 05:28:26",1
5596,302033,jaipur," Vki",,"2024-02-04 05:28:26",1
5603,302034,jaipur," Vki",,"2024-02-04 05:28:26",1
5607,302035,jaipur," Vki",,"2024-02-04 05:28:26",1
5623,302039,jaipur," Vki",,"2024-02-04 05:28:26",1
5648,302051,jaipur," Vki",,"2024-02-04 05:28:26",1
5650,302052,jaipur," Vki",,"2024-02-04 05:28:26",1
5653,302053,jaipur," Vki",,"2024-02-04 05:28:26",1
5656,302054,jaipur," Vki",,"2024-02-04 05:28:26",1
5660,302055,jaipur," Vki",,"2024-02-04 05:28:26",1
5667,303007,jaipur," Vki",,"2024-02-04 05:28:26",1
5674,303011,jaipur," Vki",,"2024-02-04 05:28:26",1
5679,303101,jaipur," Vki",,"2024-02-04 05:28:26",1
5685,303103,jaipur," Vki",,"2024-02-04 05:28:26",1
5688,303104,jaipur," Vki",,"2024-02-04 05:28:26",1
5693,303106,jaipur," Vki",,"2024-02-04 05:28:26",1
5696,303109,jaipur," Vki",,"2024-02-04 05:28:26",1
5700,303112,jaipur," Vki",,"2024-02-04 05:28:26",1
5703,303114,jaipur," Vki",,"2024-02-04 05:28:26",1
5705,303115,jaipur," Vki",,"2024-02-04 05:28:26",1
5707,303116,jaipur," Vki",,"2024-02-04 05:28:26",1
5709,303117,jaipur," Vki",,"2024-02-04 05:28:26",1
5711,303118,jaipur," Vki",,"2024-02-04 05:28:26",1
5716,303306,jaipur," Vki",,"2024-02-04 05:28:26",1
5717,303308,jaipur," Vki",,"2024-02-04 05:28:26",1
5721,303314,jaipur," Vki",,"2024-02-04 05:28:26",1
5731,303603,jaipur," Vki",,"2024-02-04 05:28:26",1
5736,303703,jaipur," Vki",,"2024-02-04 05:28:26",1
5740,303712,jaipur," Vki",,"2024-02-04 05:28:26",1
5746,303902,jaipur," Vki",,"2024-02-04 05:28:26",1
5749,303904,jaipur," Vki",,"2024-02-04 05:28:26",1
5753,303905,jaipur," Vki",,"2024-02-04 05:28:26",1
5764,342001,jodhpur,vki,,"2024-02-04 05:28:26",1
5772,342002,jodhpur,vki,,"2024-02-04 05:28:26",1
5780,342003,jodhpur,vki,,"2024-02-04 05:28:26",1
5789,342004,jodhpur,vki,,"2024-02-04 05:28:26",1
5796,342005,jodhpur,vki,,"2024-02-04 05:28:26",1
5818,342008,jodhpur,vki,,"2024-02-04 05:28:26",1
5827,342009,jodhpur,vki,,"2024-02-04 05:28:26",1
5835,342010,jodhpur,vki,,"2024-02-04 05:28:26",1
5842,342011,jodhpur,vki,,"2024-02-04 05:28:26",1
5850,342012,jodhpur,vki,,"2024-02-04 05:28:26",1
5856,342013,jodhpur,vki,,"2024-02-04 05:28:26",1
5862,342014,jodhpur,vki,,"2024-02-04 05:28:26",1
5890,342027,jodhpur,vki,,"2024-02-04 05:28:26",1
5896,342032,jodhpur,vki,,"2024-02-04 05:28:26",1
5908,342306,jodhpur,vki,,"2024-02-04 05:28:26",1
5920,342602,jodhpur,vki,,"2024-02-04 05:28:26",1
5932,342801,jodhpur,vki,,"2024-02-04 05:28:26",1
5936,342802,jodhpur,vki,,"2024-02-04 05:28:26",1
5940,342804,jodhpur,vki,,"2024-02-04 05:28:26",1
5949,305001,ajmer," Vki",,"2024-02-04 05:28:26",1
5958,305002,ajmer," Vki",,"2024-02-04 05:28:26",1
5967,305003,ajmer," Vki",,"2024-02-04 05:28:26",1
5975,305004,ajmer," Vki",,"2024-02-04 05:28:26",1
5984,305005,ajmer," Vki",,"2024-02-04 05:28:26",1
5992,305006,ajmer," Vki",,"2024-02-04 05:28:26",1
6000,305007,ajmer," Vki",,"2024-02-04 05:28:26",1
6009,305008,ajmer," Vki",,"2024-02-04 05:28:26",1
6017,305009,ajmer," Vki",,"2024-02-04 05:28:26",1
6030,305021,ajmer," Vki",,"2024-02-04 05:28:26",1
6037,305022,ajmer," Vki",,"2024-02-04 05:28:26",1
6045,305023,ajmer," Vki",,"2024-02-04 05:28:26",1
6052,305024,ajmer," Vki",,"2024-02-04 05:28:26",1
6059,305025,ajmer," Vki",,"2024-02-04 05:28:26",1
6088,305403,ajmer," Vki",,"2024-02-04 05:28:26",1
6092,305407,ajmer," Vki",,"2024-02-04 05:28:26",1
6095,305412,ajmer," Vki",,"2024-02-04 05:28:26",1
6099,305622,ajmer," Vki",,"2024-02-04 05:28:26",1
6111,305924,ajmer," Vki",,"2024-02-04 05:28:26",1
6113,305926,ajmer," Vki",,"2024-02-04 05:28:26",1
6115,304005,kota,vki,,"2024-02-04 05:28:26",1
6120,324001,kota,vki,,"2024-02-04 05:28:26",1
6129,324002,kota,vki,,"2024-02-04 05:28:26",1
6138,324003,kota,vki,,"2024-02-04 05:28:26",1
6147,324004,kota,vki,,"2024-02-04 05:28:26",1
6155,324005,kota,vki,,"2024-02-04 05:28:26",1
6164,324006,kota,vki,,"2024-02-04 05:28:26",1
6173,324007,kota,vki,,"2024-02-04 05:28:26",1
6182,324008,kota,vki,,"2024-02-04 05:28:26",1
6191,324009,kota,vki,,"2024-02-04 05:28:26",1
6199,324010,kota,vki,,"2024-02-04 05:28:26",1
6206,325001,kota,vki,,"2024-02-04 05:28:26",1
6211,325003,kota,vki,,"2024-02-04 05:28:26",1
6220,325007,kota,vki,,"2024-02-04 05:28:26",1
6223,325201,kota,vki,,"2024-02-04 05:28:26",1
6227,325203,kota,vki,,"2024-02-04 05:28:26",1
6231,325204,kota,vki,,"2024-02-04 05:28:26",1
6244,326502,kota,vki,,"2024-02-04 05:28:26",1
6266,334001,bikaner,vki,,"2024-02-04 05:28:26",1
6278,334003,bikaner,vki,,"2024-02-04 05:28:26",1
6286,334004,bikaner,vki,,"2024-02-04 05:28:26",1
6299,334006,bikaner,vki,,"2024-02-04 05:28:26",1
6310,334023,bikaner,vki,,"2024-02-04 05:28:26",1
6324,334401,bikaner,vki,,"2024-02-04 05:28:26",1
6359,321001,bharatpur," Vki",,"2024-02-04 05:28:26",1
6384,321035,bharatpur," Vki",,"2024-02-04 05:28:26",1
6409,321209,bharatpur," Vki",,"2024-02-04 05:28:26",1
6457,321616,bharatpur," Vki",,"2024-02-04 05:28:26",1
6458,321618,bharatpur," Vki",,"2024-02-04 05:28:26",1
6463,306001,pali,vki,,"2024-02-04 05:28:26",1
6475,306101,pali,vki,,"2024-02-04 05:28:26",1
6487,306302,pali,vki,,"2024-02-04 05:28:26",1
6510,306401,pali,vki,,"2024-02-04 05:28:26",1
6516,306421,pali,vki,,"2024-02-04 05:28:26",1
6536,306708,pali,vki,,"2024-02-04 05:28:26",1
6545,332001,sikar,vki,,"2024-02-04 05:28:26",1
6559,332021,sikar,vki,,"2024-02-04 05:28:26",1
6580,332025,sikar,vki,,"2024-02-04 05:28:26",1
6644,332045,sikar,vki,,"2024-02-04 05:28:26",1
6676,332402,sikar,vki,,"2024-02-04 05:28:26",1
6681,332403,sikar,vki,,"2024-02-04 05:28:26",1
6695,332407,sikar,vki,,"2024-02-04 05:28:26",1
6700,332409,sikar,vki,,"2024-02-04 05:28:26",1
6703,332410,sikar,vki,,"2024-02-04 05:28:26",1
6704,332413,sikar,vki,,"2024-02-04 05:28:26",1
6718,332702,sikar,vki,,"2024-02-04 05:28:26",1
6774,332729,sikar,vki,,"2024-02-04 05:28:26",1
6779,332739,sikar,vki,,"2024-02-04 05:28:26",1
6800,313001,udaipur,vki,,"2024-02-04 05:28:26",1
6808,313002,udaipur,vki,,"2024-02-04 05:28:26",1
6816,313003,udaipur,vki,,"2024-02-04 05:28:26",1
6824,313004,udaipur,vki,,"2024-02-04 05:28:26",1
6836,313012,udaipur,vki,,"2024-02-04 05:28:26",1
6839,313013,udaipur,vki,,"2024-02-04 05:28:26",1
6848,313021,udaipur,vki,,"2024-02-04 05:28:26",1
6863,313026,udaipur,vki,,"2024-02-04 05:28:26",1
6868,313027,udaipur,vki,,"2024-02-04 05:28:26",1
6876,313033,udaipur,vki,,"2024-02-04 05:28:26",1
6880,313038,udaipur,vki,,"2024-02-04 05:28:26",1
6889,313322,udaipur,vki,,"2024-02-04 05:28:26",1
6892,313601,udaipur,vki,,"2024-02-04 05:28:26",1
6896,313602,udaipur,vki,,"2024-02-04 05:28:26",1
6948,301001,alwar," Vki",,"2024-02-04 05:28:26",1
6957,301002,alwar," Vki",,"2024-02-04 05:28:26",1
6981,301026,alwar," Vki",,"2024-02-04 05:28:26",1
6998,301030,alwar," Vki",,"2024-02-04 05:28:26",1
7003,301031,alwar," Vki",,"2024-02-04 05:28:26",1
7008,301033,alwar," Vki",,"2024-02-04 05:28:26",1
7053,301701,alwar," Vki",,"2024-02-04 05:28:26",1
7071,301705,alwar," Vki",,"2024-02-04 05:28:26",1
7078,301706,alwar," Vki",,"2024-02-04 05:28:26",1
7086,301707,alwar," Vki",,"2024-02-04 05:28:26",1
7094,301711,alwar," Vki",,"2024-02-04 05:28:26",1
7120,120001,gurugram,vki,,"2024-02-04 05:28:26",1
7122,120002,gurugram,vki,,"2024-02-04 05:28:26",1
7126,122000,gurugram,vki,,"2024-02-04 05:28:26",1
7134,122001,gurugram,vki,,"2024-02-04 05:28:26",1
7142,122002,gurugram,vki,,"2024-02-04 05:28:26",1
7150,122003,gurugram,vki,,"2024-02-04 05:28:26",1
7157,122004,gurugram,vki,,"2024-02-04 05:28:26",1
7165,122005,gurugram,vki,,"2024-02-04 05:28:26",1
7173,122006,gurugram,vki,,"2024-02-04 05:28:26",1
7181,122007,gurugram,vki,,"2024-02-04 05:28:26",1
7189,122008,gurugram,vki,,"2024-02-04 05:28:26",1
7197,122009,gurugram,vki,,"2024-02-04 05:28:26",1
7205,122010,gurugram,vki,,"2024-02-04 05:28:26",1
7213,122011,gurugram,vki,,"2024-02-04 05:28:26",1
7221,122012,gurugram,vki,,"2024-02-04 05:28:26",1
7235,122014,gurugram,vki,,"2024-02-04 05:28:26",1
7243,122015,gurugram,vki,,"2024-02-04 05:28:26",1
7252,122016,gurugram,vki,,"2024-02-04 05:28:26",1
7260,122017,gurugram,vki,,"2024-02-04 05:28:26",1
7268,122018,gurugram,vki,,"2024-02-04 05:28:26",1
7276,122019,gurugram,vki,,"2024-02-04 05:28:26",1
7281,122020,gurugram,vki,,"2024-02-04 05:28:26",1
7284,122021,gurugram,vki,,"2024-02-04 05:28:26",1
7290,122022,gurugram,vki,,"2024-02-04 05:28:26",1
7294,122026,gurugram,vki,,"2024-02-04 05:28:26",1
7295,122027,gurugram,vki,,"2024-02-04 05:28:26",1
7296,122029,gurugram,vki,,"2024-02-04 05:28:26",1
7297,122030,gurugram,vki,,"2024-02-04 05:28:26",1
7298,122032,gurugram,vki,,"2024-02-04 05:28:26",1
7299,122033,gurugram,vki,,"2024-02-04 05:28:26",1
7303,122050,gurugram,vki,,"2024-02-04 05:28:26",1
7311,122051,gurugram,vki,,"2024-02-04 05:28:26",1
7319,122052,gurugram,vki,,"2024-02-04 05:28:26",1
7328,122055,gurugram,vki,,"2024-02-04 05:28:26",1
7341,122101,gurugram,vki,,"2024-02-04 05:28:26",1
7348,122102,gurugram,vki,,"2024-02-04 05:28:26",1
7355,122103,gurugram,vki,,"2024-02-04 05:28:26",1
7360,122105,gurugram,vki,,"2024-02-04 05:28:26",1
7366,122203,gurugram,vki,,"2024-02-04 05:28:26",1
7371,122204,gurugram,vki,,"2024-02-04 05:28:26",1
7375,122206,gurugram,vki,,"2024-02-04 05:28:26",1
7380,122207,gurugram,vki,,"2024-02-04 05:28:26",1
7384,122208,gurugram,vki,,"2024-02-04 05:28:26",1
7389,122209,gurugram,vki,,"2024-02-04 05:28:26",1
7398,122211,gurugram,vki,,"2024-02-04 05:28:26",1
7403,122213,gurugram,vki,,"2024-02-04 05:28:26",1
7407,122214,gurugram,vki,,"2024-02-04 05:28:26",1
7412,122215,gurugram,vki,,"2024-02-04 05:28:26",1
7417,122216,gurugram,vki,,"2024-02-04 05:28:26",1
7422,122217,gurugram,vki,,"2024-02-04 05:28:26",1
7427,122218,gurugram,vki,,"2024-02-04 05:28:26",1
7432,122219,gurugram,vki,,"2024-02-04 05:28:26",1
7437,122220,gurugram,vki,,"2024-02-04 05:28:26",1
7441,122223,gurugram,vki,,"2024-02-04 05:28:26",1
7446,122224,gurugram,vki,,"2024-02-04 05:28:26",1
7451,122225,gurugram,vki,,"2024-02-04 05:28:26",1
7456,122226,gurugram,vki,,"2024-02-04 05:28:26",1
7461,122227,gurugram,vki,,"2024-02-04 05:28:26",1
7465,122228,gurugram,vki,,"2024-02-04 05:28:26",1
7469,122229,gurugram,vki,,"2024-02-04 05:28:26",1
7473,122230,gurugram,vki,,"2024-02-04 05:28:26",1
7478,122231,gurugram,vki,,"2024-02-04 05:28:26",1
7483,122232,gurugram,vki,,"2024-02-04 05:28:26",1
7488,122233,gurugram,vki,,"2024-02-04 05:28:26",1
7491,122234,gurugram,vki,,"2024-02-04 05:28:26",1
7498,122413,gurugram,vki,,"2024-02-04 05:28:26",1
7503,122505,gurugram,vki,,"2024-02-04 05:28:26",1
7513,123413,gurugram,vki,,"2024-02-04 05:28:26",1
7518,123504,gurugram,vki,,"2024-02-04 05:28:26",1
7526,123506,gurugram,vki,,"2024-02-04 05:28:26",1
7531,121000,faridabad,vki,,"2024-02-04 05:28:26",1
7540,121001,faridabad,vki,,"2024-02-04 05:28:26",1
7549,121002,faridabad,vki,,"2024-02-04 05:28:26",1
7558,121003,faridabad,vki,,"2024-02-04 05:28:26",1
7567,121004,faridabad,vki,,"2024-02-04 05:28:26",1
7576,121005,faridabad,vki,,"2024-02-04 05:28:26",1
7585,121006,faridabad,vki,,"2024-02-04 05:28:26",1
7594,121007,faridabad,vki,,"2024-02-04 05:28:26",1
7603,121008,faridabad,vki,,"2024-02-04 05:28:26",1
7612,121009,faridabad,vki,,"2024-02-04 05:28:26",1
7621,121010,faridabad,vki,,"2024-02-04 05:28:26",1
7630,121011,faridabad,vki,,"2024-02-04 05:28:26",1
7637,121012,faridabad,vki,,"2024-02-04 05:28:26",1
7645,121013,faridabad,vki,,"2024-02-04 05:28:26",1
7663,121101,faridabad,vki,,"2024-02-04 05:28:26",1
7666,121206,faridabad,vki,,"2024-02-04 05:28:26",1
7673,132101,panipat,vki,,"2024-02-04 05:28:26",1
7688,132103,panipat,vki,,"2024-02-04 05:28:26",1
7705,132106,panipat,vki,,"2024-02-04 05:28:26",1
7710,132107,panipat,vki,,"2024-02-04 05:28:26",1
7720,132110,panipat,vki,,"2024-02-04 05:28:26",1
7726,132113,panipat,vki,,"2024-02-04 05:28:26",1
7742,132140,panipat,vki,,"2024-02-04 05:28:26",1
7752,132151,panipat,vki,,"2024-02-04 05:28:26",1
7759,133001,ambala," Vki",,"2024-02-04 05:28:26",1
7766,133002,ambala," Vki",,"2024-02-04 05:28:26",1
7770,133003,ambala," Vki",,"2024-02-04 05:28:26",1
7779,133004,ambala," Vki",,"2024-02-04 05:28:26",1
7788,133005,ambala," Vki",,"2024-02-04 05:28:26",1
7796,133006,ambala," Vki",,"2024-02-04 05:28:26",1
7815,133021,ambala," Vki",,"2024-02-04 05:28:26",1
7827,133102,ambala," Vki",,"2024-02-04 05:28:26",1
7833,133104,ambala," Vki",,"2024-02-04 05:28:26",1
7839,133201,ambala," Vki",,"2024-02-04 05:28:26",1
7846,133202,ambala," Vki",,"2024-02-04 05:28:26",1
7853,133203,ambala," Vki",,"2024-02-04 05:28:26",1
7861,133204,ambala," Vki",,"2024-02-04 05:28:26",1
7880,134001,ambala," Vki",,"2024-02-04 05:28:26",1
7889,134002,ambala," Vki",,"2024-02-04 05:28:26",1
7896,134003,ambala," Vki",,"2024-02-04 05:28:26",1
7902,134004,ambala," Vki",,"2024-02-04 05:28:26",1
7910,134005,ambala," Vki",,"2024-02-04 05:28:26",1
7922,134007,ambala," Vki",,"2024-02-04 05:28:26",1
7935,134011,ambala," Vki",,"2024-02-04 05:28:26",1
7943,134204,ambala," Vki",,"2024-02-04 05:28:26",1
7947,140801,ludhiana,vki,,"2024-02-04 05:28:26",1
7954,141001,ludhiana,vki,,"2024-02-04 05:28:26",1
7963,141002,ludhiana,vki,,"2024-02-04 05:28:26",1
7972,141003,ludhiana,vki,,"2024-02-04 05:28:26",1
7981,141004,ludhiana,vki,,"2024-02-04 05:28:26",1
7990,141005,ludhiana,vki,,"2024-02-04 05:28:26",1
7999,141006,ludhiana,vki,,"2024-02-04 05:28:26",1
8008,141007,ludhiana,vki,,"2024-02-04 05:28:26",1
8017,141008,ludhiana,vki,,"2024-02-04 05:28:26",1
8034,141010,ludhiana,vki,,"2024-02-04 05:28:26",1
8041,141011,ludhiana,vki,,"2024-02-04 05:28:26",1
8050,141012,ludhiana,vki,,"2024-02-04 05:28:26",1
8059,141013,ludhiana,vki,,"2024-02-04 05:28:26",1
8067,141014,ludhiana,vki,,"2024-02-04 05:28:26",1
8074,141015,ludhiana,vki,,"2024-02-04 05:28:26",1
8091,141020,ludhiana,vki,,"2024-02-04 05:28:26",1
8103,141033,ludhiana,vki,,"2024-02-04 05:28:26",1
8108,141101,ludhiana,vki,,"2024-02-04 05:28:26",1
8125,141110,ludhiana,vki,,"2024-02-04 05:28:26",1
8132,141112,ludhiana,vki,,"2024-02-04 05:28:26",1
8145,141114,ludhiana,vki,,"2024-02-04 05:28:26",1
8158,141116,ludhiana,vki,,"2024-02-04 05:28:26",1
8172,141118,ludhiana,vki,,"2024-02-04 05:28:26",1
8184,141120,ludhiana,vki,,"2024-02-04 05:28:26",1
8200,141123,ludhiana,vki,,"2024-02-04 05:28:26",1
8241,141231,ludhiana,vki,,"2024-02-04 05:28:26",1
8242,141234,ludhiana,vki,,"2024-02-04 05:28:26",1
8246,141401,ludhiana,vki,,"2024-02-04 05:28:26",1
8282,141416,ludhiana,vki,,"2024-02-04 05:28:26",1
8292,141418,ludhiana,vki,,"2024-02-04 05:28:26",1
8305,141421,ludhiana,vki,,"2024-02-04 05:28:26",1
8328,142027,ludhiana,vki,,"2024-02-04 05:28:26",1
8351,160001,chandigarh,vki,,"2024-02-04 05:28:26",1
8359,160002,chandigarh,vki,,"2024-02-04 05:28:26",1
8368,160003,chandigarh,vki,,"2024-02-04 05:28:26",1
8385,160005,chandigarh,vki,,"2024-02-04 05:28:26",1
8394,160006,chandigarh,vki,,"2024-02-04 05:28:26",1
8403,160007,chandigarh,vki,,"2024-02-04 05:28:26",1
8412,160008,chandigarh,vki,,"2024-02-04 05:28:26",1
8421,160009,chandigarh,vki,,"2024-02-04 05:28:26",1
8430,160010,chandigarh,vki,,"2024-02-04 05:28:26",1
8439,160011,chandigarh,vki,,"2024-02-04 05:28:26",1
8448,160012,chandigarh,vki,,"2024-02-04 05:28:26",1
8456,160013,chandigarh,vki,,"2024-02-04 05:28:26",1
8465,160014,chandigarh,vki,,"2024-02-04 05:28:26",1
8474,160015,chandigarh,vki,,"2024-02-04 05:28:26",1
8483,160016,chandigarh,vki,,"2024-02-04 05:28:26",1
8492,160017,chandigarh,vki,,"2024-02-04 05:28:26",1
8501,160018,chandigarh,vki,,"2024-02-04 05:28:26",1
8510,160019,chandigarh,vki,,"2024-02-04 05:28:26",1
8519,160020,chandigarh,vki,,"2024-02-04 05:28:26",1
8528,160021,chandigarh,vki,,"2024-02-04 05:28:26",1
8537,160022,chandigarh,vki,,"2024-02-04 05:28:26",1
8546,160023,chandigarh,vki,,"2024-02-04 05:28:26",1
8555,160024,chandigarh,vki,,"2024-02-04 05:28:26",1
8564,160025,chandigarh,vki,,"2024-02-04 05:28:26",1
8573,160026,chandigarh,vki,,"2024-02-04 05:28:26",1
8582,160027,chandigarh,vki,,"2024-02-04 05:28:26",1
8591,160028,chandigarh,vki,,"2024-02-04 05:28:26",1
8600,160029,chandigarh,vki,,"2024-02-04 05:28:26",1
8609,160030,chandigarh,vki,,"2024-02-04 05:28:26",1
8618,160031,chandigarh,vki,,"2024-02-04 05:28:26",1
8627,160032,chandigarh,vki,,"2024-02-04 05:28:26",1
8636,160033,chandigarh,vki,,"2024-02-04 05:28:26",1
8645,160034,chandigarh,vki,,"2024-02-04 05:28:26",1
8654,160035,chandigarh,vki,,"2024-02-04 05:28:26",1
8663,160036,chandigarh,vki,,"2024-02-04 05:28:26",1
8672,160037,chandigarh,vki,,"2024-02-04 05:28:26",1
8681,160038,chandigarh,vki,,"2024-02-04 05:28:26",1
8690,160039,chandigarh,vki,,"2024-02-04 05:28:26",1
8699,160040,chandigarh,vki,,"2024-02-04 05:28:26",1
8708,160041,chandigarh,vki,,"2024-02-04 05:28:26",1
8717,160042,chandigarh,vki,,"2024-02-04 05:28:26",1
8726,160043,chandigarh,vki,,"2024-02-04 05:28:26",1
8735,160044,chandigarh,vki,,"2024-02-04 05:28:26",1
8744,160045,chandigarh,vki,,"2024-02-04 05:28:26",1
8753,160046,chandigarh,vki,,"2024-02-04 05:28:26",1
8762,160047,chandigarh,vki,,"2024-02-04 05:28:26",1
8771,160048,chandigarh,vki,,"2024-02-04 05:28:26",1
8780,160049,chandigarh,vki,,"2024-02-04 05:28:26",1
8788,160050,chandigarh,vki,,"2024-02-04 05:28:26",1
8796,160051,chandigarh,vki,,"2024-02-04 05:28:26",1
8812,160053,chandigarh,vki,,"2024-02-04 05:28:26",1
8819,160101,chandigarh,vki,,"2024-02-04 05:28:26",1
8827,160102,chandigarh,vki,,"2024-02-04 05:28:26",1
8835,160106,chandigarh,vki,,"2024-02-04 05:28:26",1
8849,143001,amritsar," Vki",,"2024-02-04 05:28:26",1
8858,143002,amritsar," Vki",,"2024-02-04 05:28:26",1
8867,143003,amritsar," Vki",,"2024-02-04 05:28:26",1
8876,143004,amritsar," Vki",,"2024-02-04 05:28:26",1
8885,143005,amritsar," Vki",,"2024-02-04 05:28:26",1
8893,143006,amritsar," Vki",,"2024-02-04 05:28:26",1
8907,143008,amritsar," Vki",,"2024-02-04 05:28:26",1
8926,143021,amritsar," Vki",,"2024-02-04 05:28:26",1
8940,143026,amritsar," Vki",,"2024-02-04 05:28:26",1
8946,143036,amritsar," Vki",,"2024-02-04 05:28:26",1
8951,143044,amritsar," Vki",,"2024-02-04 05:28:26",1
8959,143093,amritsar," Vki",,"2024-02-04 05:28:26",1
8965,143101,amritsar," Vki",,"2024-02-04 05:28:26",1
8974,143104,amritsar," Vki",,"2024-02-04 05:28:26",1
8982,143105,amritsar," Vki",,"2024-02-04 05:28:26",1
8997,143107,amritsar," Vki",,"2024-02-04 05:28:26",1
9015,143110,amritsar," Vki",,"2024-02-04 05:28:26",1
9024,143114,amritsar," Vki",,"2024-02-04 05:28:26",1
9030,143115,amritsar," Vki",,"2024-02-04 05:28:26",1
9043,143117,amritsar," Vki",,"2024-02-04 05:28:26",1
9061,143303,amritsar," Vki",,"2024-02-04 05:28:26",1
9073,143306,amritsar," Vki",,"2024-02-04 05:28:26",1
9126,143502,amritsar," Vki",,"2024-02-04 05:28:26",1
9156,144000,jalandhar," Vki",,"2024-02-04 05:28:26",1
9163,144001,jalandhar," Vki",,"2024-02-04 05:28:26",1
9172,144002,jalandhar," Vki",,"2024-02-04 05:28:26",1
9181,144003,jalandhar," Vki",,"2024-02-04 05:28:26",1
9190,144004,jalandhar," Vki",,"2024-02-04 05:28:26",1
9199,144005,jalandhar," Vki",,"2024-02-04 05:28:26",1
9208,144006,jalandhar," Vki",,"2024-02-04 05:28:26",1
9217,144007,jalandhar," Vki",,"2024-02-04 05:28:26",1
9226,144008,jalandhar," Vki",,"2024-02-04 05:28:26",1
9248,144011,jalandhar," Vki",,"2024-02-04 05:28:26",1
9256,144012,jalandhar," Vki",,"2024-02-04 05:28:26",1
9274,144019,jalandhar," Vki",,"2024-02-04 05:28:26",1
9281,144020,jalandhar," Vki",,"2024-02-04 05:28:26",1
9288,144021,jalandhar," Vki",,"2024-02-04 05:28:26",1
9296,144022,jalandhar," Vki",,"2024-02-04 05:28:26",1
9304,144023,jalandhar," Vki",,"2024-02-04 05:28:26",1
9372,144102,jalandhar," Vki",,"2024-02-04 05:28:26",1
9379,144103,jalandhar," Vki",,"2024-02-04 05:28:26",1
9391,144106,jalandhar," Vki",,"2024-02-04 05:28:26",1
9397,144201,jalandhar," Vki",,"2024-02-04 05:28:26",1
9420,144410,jalandhar," Vki",,"2024-02-04 05:28:26",1
9459,140502,patiala,vki,,"2024-02-04 05:28:26",1
9476,147001,patiala,vki,,"2024-02-04 05:28:26",1
9485,147002,patiala,vki,,"2024-02-04 05:28:26",1
9494,147003,patiala,vki,,"2024-02-04 05:28:26",1
9511,147005,patiala,vki,,"2024-02-04 05:28:26",1
9530,147021,patiala,vki,,"2024-02-04 05:28:26",1
9540,147101,patiala,vki,,"2024-02-04 05:28:26",1
9564,147202,patiala,vki,,"2024-02-04 05:28:26",1
9572,147203,patiala,vki,,"2024-02-04 05:28:26",1
9580,151001,bathinda,vki,,"2024-02-04 05:28:26",1
9589,151002,bathinda,vki,,"2024-02-04 05:28:26",1
9598,151003,bathinda,vki,,"2024-02-04 05:28:26",1
9614,151005,bathinda,vki,,"2024-02-04 05:28:26",1
9622,151101,bathinda,vki,,"2024-02-04 05:28:26",1
9630,151201,bathinda,vki,,"2024-02-04 05:28:26",1
9637,151301,bathinda,vki,,"2024-02-04 05:28:26",1
9644,151509,bathinda,vki,,"2024-02-04 05:28:26",1
9651,201300,noida,vki,,"2024-02-04 05:28:26",1
9658,201301,noida,vki,,"2024-02-04 05:28:26",1
9667,201303,noida,vki,,"2024-02-04 05:28:26",1
9676,201304,noida,vki,,"2024-02-04 05:28:26",1
9685,201305,noida,vki,,"2024-02-04 05:28:26",1
9694,201306,noida,vki,,"2024-02-04 05:28:26",1
9703,201307,noida,vki,,"2024-02-04 05:28:26",1
9712,201308,noida,vki,,"2024-02-04 05:28:26",1
9720,201309,noida,vki,,"2024-02-04 05:28:26",1
9728,201310,noida,vki,,"2024-02-04 05:28:26",1
9741,201312,noida,vki,,"2024-02-04 05:28:26",1
9748,201313,noida,vki,,"2024-02-04 05:28:26",1
9768,201318,noida,vki,,"2024-02-04 05:28:26",1
9779,206016,lucknow,vki,,"2024-02-04 05:28:26",1
9784,220016,lucknow,vki,,"2024-02-04 05:28:26",1
9794,226001,lucknow,vki,,"2024-02-04 05:28:26",1
9802,226002,lucknow,vki,,"2024-02-04 05:28:26",1
9811,226003,lucknow,vki,,"2024-02-04 05:28:26",1
9820,226004,lucknow,vki,,"2024-02-04 05:28:26",1
9829,226005,lucknow,vki,,"2024-02-04 05:28:26",1
9838,226006,lucknow,vki,,"2024-02-04 05:28:26",1
9847,226007,lucknow,vki,,"2024-02-04 05:28:26",1
9856,226008,lucknow,vki,,"2024-02-04 05:28:26",1
9865,226009,lucknow,vki,,"2024-02-04 05:28:26",1
9874,226010,lucknow,vki,,"2024-02-04 05:28:26",1
9883,226011,lucknow,vki,,"2024-02-04 05:28:26",1
9892,226012,lucknow,vki,,"2024-02-04 05:28:26",1
9901,226013,lucknow,vki,,"2024-02-04 05:28:26",1
9910,226014,lucknow,vki,,"2024-02-04 05:28:26",1
9919,226015,lucknow,vki,,"2024-02-04 05:28:26",1
9928,226016,lucknow,vki,,"2024-02-04 05:28:26",1
9937,226017,lucknow,vki,,"2024-02-04 05:28:26",1
9946,226018,lucknow,vki,,"2024-02-04 05:28:26",1
9955,226019,lucknow,vki,,"2024-02-04 05:28:26",1
9964,226020,lucknow,vki,,"2024-02-04 05:28:26",1
9973,226021,lucknow,vki,,"2024-02-04 05:28:26",1
9982,226022,lucknow,vki,,"2024-02-04 05:28:26",1
9991,226023,lucknow,vki,,"2024-02-04 05:28:26",1
10000,226024,lucknow,vki,,"2024-02-04 05:28:26",1
10009,226025,lucknow,vki,,"2024-02-04 05:28:26",1
10018,226026,lucknow,vki,,"2024-02-04 05:28:26",1
10033,226028,lucknow,vki,,"2024-02-04 05:28:26",1
10041,226029,lucknow,vki,,"2024-02-04 05:28:26",1
10056,226031,lucknow,vki,,"2024-02-04 05:28:26",1
10070,226201,lucknow,vki,,"2024-02-04 05:28:26",1
10077,226202,lucknow,vki,,"2024-02-04 05:28:26",1
10106,226401,lucknow,vki,,"2024-02-04 05:28:26",1
10118,227101,lucknow,vki,,"2024-02-04 05:28:26",1
10124,227105,lucknow,vki,,"2024-02-04 05:28:26",1
10130,227106,lucknow,vki,,"2024-02-04 05:28:26",1
10151,227202,lucknow,vki,,"2024-02-04 05:28:26",1
10159,227207,lucknow,vki,,"2024-02-04 05:28:26",1
10164,227208,lucknow,vki,,"2024-02-04 05:28:26",1
10165,266005,lucknow,vki,,"2024-02-04 05:28:26",1
10170,452001,indore," Vki",,"2024-02-04 05:28:26",1
10178,452002,indore," Vki",,"2024-02-04 05:28:26",1
10187,452003,indore," Vki",,"2024-02-04 05:28:26",1
10195,452004,indore," Vki",,"2024-02-04 05:28:26",1
10203,452005,indore," Vki",,"2024-02-04 05:28:26",1
10211,452006,indore," Vki",,"2024-02-04 05:28:26",1
10220,452007,indore," Vki",,"2024-02-04 05:28:26",1
10229,452008,indore," Vki",,"2024-02-04 05:28:26",1
10238,452009,indore," Vki",,"2024-02-04 05:28:26",1
10247,452010,indore," Vki",,"2024-02-04 05:28:26",1
10256,452011,indore," Vki",,"2024-02-04 05:28:26",1
10264,452012,indore," Vki",,"2024-02-04 05:28:26",1
10273,452013,indore," Vki",,"2024-02-04 05:28:26",1
10281,452014,indore," Vki",,"2024-02-04 05:28:26",1
10290,452015,indore," Vki",,"2024-02-04 05:28:26",1
10306,452017,indore," Vki",,"2024-02-04 05:28:26",1
10314,452018,indore," Vki",,"2024-02-04 05:28:26",1
10323,452019,indore," Vki",,"2024-02-04 05:28:26",1
10329,452020,indore," Vki",,"2024-02-04 05:28:26",1
10339,452056,indore," Vki",,"2024-02-04 05:28:26",1
10344,453001,indore," Vki",,"2024-02-04 05:28:26",1
10356,453112,indore," Vki",,"2024-02-04 05:28:26",1
10367,453331,indore," Vki",,"2024-02-04 05:28:26",1
10380,453441,indore," Vki",,"2024-02-04 05:28:26",1
10409,453652,indore," Vki",,"2024-02-04 05:28:26",1
10416,453771,indore," Vki",,"2024-02-04 05:28:26",1
10432,460008,bhopal,vki,,"2024-02-04 05:28:26",1
10438,462001,bhopal,vki,,"2024-02-04 05:28:26",1
10446,462002,bhopal,vki,,"2024-02-04 05:28:26",1
10454,462003,bhopal,vki,,"2024-02-04 05:28:26",1
10462,462004,bhopal,vki,,"2024-02-04 05:28:26",1
10467,462005,bhopal,vki,,"2024-02-04 05:28:26",1
10473,462006,bhopal,vki,,"2024-02-04 05:28:26",1
10480,462007,bhopal,vki,,"2024-02-04 05:28:26",1
10489,462008,bhopal,vki,,"2024-02-04 05:28:26",1
10496,462010,bhopal,vki,,"2024-02-04 05:28:26",1
10505,462011,bhopal,vki,,"2024-02-04 05:28:26",1
10514,462012,bhopal,vki,,"2024-02-04 05:28:26",1
10522,462013,bhopal,vki,,"2024-02-04 05:28:26",1
10527,462014,bhopal,vki,,"2024-02-04 05:28:26",1
10532,462015,bhopal,vki,,"2024-02-04 05:28:26",1
10540,462016,bhopal,vki,,"2024-02-04 05:28:26",1
10548,462017,bhopal,vki,,"2024-02-04 05:28:26",1
10559,462019,bhopal,vki,,"2024-02-04 05:28:26",1
10565,462020,bhopal,vki,,"2024-02-04 05:28:26",1
10574,462021,bhopal,vki,,"2024-02-04 05:28:26",1
10583,462022,bhopal,vki,,"2024-02-04 05:28:26",1
10592,462023,bhopal,vki,,"2024-02-04 05:28:26",1
10601,462024,bhopal,vki,,"2024-02-04 05:28:26",1
10608,462025,bhopal,vki,,"2024-02-04 05:28:26",1
10615,462026,bhopal,vki,,"2024-02-04 05:28:26",1
10623,462027,bhopal,vki,,"2024-02-04 05:28:26",1
10630,462028,bhopal,vki,,"2024-02-04 05:28:26",1
10634,462029,bhopal,vki,,"2024-02-04 05:28:26",1
10640,462030,bhopal,vki,,"2024-02-04 05:28:26",1
10648,462031,bhopal,vki,,"2024-02-04 05:28:26",1
10656,462032,bhopal,vki,,"2024-02-04 05:28:26",1
10663,462033,bhopal,vki,,"2024-02-04 05:28:26",1
10668,462034,bhopal,vki,,"2024-02-04 05:28:26",1
10671,462035,bhopal,vki,,"2024-02-04 05:28:26",1
10678,462036,bhopal,vki,,"2024-02-04 05:28:26",1
10685,462037,bhopal,vki,,"2024-02-04 05:28:26",1
10693,462038,bhopal,vki,,"2024-02-04 05:28:26",1
10701,462039,bhopal,vki,,"2024-02-04 05:28:26",1
10715,462041,bhopal,vki,,"2024-02-04 05:28:26",1
10724,462042,bhopal,vki,,"2024-02-04 05:28:26",1
10733,462043,bhopal,vki,,"2024-02-04 05:28:26",1
10747,462045,bhopal,vki,,"2024-02-04 05:28:26",1
10755,462047,bhopal,vki,,"2024-02-04 05:28:26",1
10760,462048,bhopal,vki,,"2024-02-04 05:28:26",1
10775,482001,jabalpur," Vki",,"2024-02-04 05:28:26",1
10782,482002,jabalpur," Vki",,"2024-02-04 05:28:26",1
10790,482003,jabalpur," Vki",,"2024-02-04 05:28:26",1
10799,482004,jabalpur," Vki",,"2024-02-04 05:28:26",1
10807,482005,jabalpur," Vki",,"2024-02-04 05:28:26",1
10827,482008,jabalpur," Vki",,"2024-02-04 05:28:26",1
10836,482009,jabalpur," Vki",,"2024-02-04 05:28:26",1
10844,482010,jabalpur," Vki",,"2024-02-04 05:28:26",1
10852,482011,jabalpur," Vki",,"2024-02-04 05:28:26",1
10862,482020,jabalpur," Vki",,"2024-02-04 05:28:26",1
10879,482056,jabalpur," Vki",,"2024-02-04 05:28:26",1
10917,403001,panjim,midc,,"2024-02-04 05:28:26",1
10947,403506,panjim,midc,,"2024-02-04 05:28:26",1
10971,403520,mapusa,midc,,"2024-02-04 05:28:26",1
10973,403525,mapusa,midc,,"2024-02-04 05:28:26",1
10978,560001,bangalore,midc,,"2024-02-04 05:28:26",1
10986,560002,bangalore,midc,,"2024-02-04 05:28:26",1
10994,560003,bangalore,midc,,"2024-02-04 05:28:26",1
11003,560004,bangalore,midc,,"2024-02-04 05:28:26",1
11011,560005,bangalore,midc,,"2024-02-04 05:28:26",1
11019,560006,bangalore,midc,,"2024-02-04 05:28:26",1
11027,560007,bangalore,midc,,"2024-02-04 05:28:26",1
11035,560008,bangalore,midc,,"2024-02-04 05:28:26",1
11044,560009,bangalore,midc,,"2024-02-04 05:28:26",1
11052,560010,bangalore,midc,,"2024-02-04 05:28:26",1
11061,560011,bangalore,midc,,"2024-02-04 05:28:26",1
11069,560012,bangalore,midc,,"2024-02-04 05:28:26",1
11077,560013,bangalore,midc,,"2024-02-04 05:28:26",1
11085,560014,bangalore,midc,,"2024-02-04 05:28:26",1
11094,560015,bangalore,midc,,"2024-02-04 05:28:26",1
11101,560016,bangalore,midc,,"2024-02-04 05:28:26",1
11110,560017,bangalore,midc,,"2024-02-04 05:28:26",1
11119,560018,bangalore,midc,,"2024-02-04 05:28:26",1
11128,560019,bangalore,midc,,"2024-02-04 05:28:26",1
11137,560020,bangalore,midc,,"2024-02-04 05:28:26",1
11146,560021,bangalore,midc,,"2024-02-04 05:28:26",1
11155,560022,bangalore,midc,,"2024-02-04 05:28:26",1
11163,560023,bangalore,midc,,"2024-02-04 05:28:26",1
11172,560024,bangalore,midc,,"2024-02-04 05:28:26",1
11181,560025,bangalore,midc,,"2024-02-04 05:28:26",1
11188,560026,bangalore,midc,,"2024-02-04 05:28:26",1
11197,560027,bangalore,midc,,"2024-02-04 05:28:26",1
11205,560028,bangalore,midc,,"2024-02-04 05:28:26",1
11214,560029,bangalore,midc,,"2024-02-04 05:28:26",1
11223,560030,bangalore,midc,,"2024-02-04 05:28:26",1
11232,560031,bangalore,midc,,"2024-02-04 05:28:26",1
11241,560032,bangalore,midc,,"2024-02-04 05:28:26",1
11249,560033,bangalore,midc,,"2024-02-04 05:28:26",1
11257,560034,bangalore,midc,,"2024-02-04 05:28:26",1
11266,560035,bangalore,midc,,"2024-02-04 05:28:26",1
11275,560036,bangalore,midc,,"2024-02-04 05:28:26",1
11284,560037,bangalore,midc,,"2024-02-04 05:28:26",1
11293,560038,bangalore,midc,,"2024-02-04 05:28:26",1
11302,560039,bangalore,midc,,"2024-02-04 05:28:26",1
11311,560040,bangalore,midc,,"2024-02-04 05:28:26",1
11320,560041,bangalore,midc,,"2024-02-04 05:28:26",1
11328,560042,bangalore,midc,,"2024-02-04 05:28:26",1
11337,560043,bangalore,midc,,"2024-02-04 05:28:26",1
11344,560044,bangalore,midc,,"2024-02-04 05:28:26",1
11353,560045,bangalore,midc,,"2024-02-04 05:28:26",1
11359,560046,bangalore,midc,,"2024-02-04 05:28:26",1
11368,560047,bangalore,midc,,"2024-02-04 05:28:26",1
11377,560048,bangalore,midc,,"2024-02-04 05:28:26",1
11385,560049,bangalore,midc,,"2024-02-04 05:28:26",1
11394,560050,bangalore,midc,,"2024-02-04 05:28:26",1
11403,560051,bangalore,midc,,"2024-02-04 05:28:26",1
11411,560052,bangalore,midc,,"2024-02-04 05:28:26",1
11420,560053,bangalore,midc,,"2024-02-04 05:28:26",1
11428,560054,bangalore,midc,,"2024-02-04 05:28:26",1
11436,560055,bangalore,midc,,"2024-02-04 05:28:26",1
11445,560056,bangalore,midc,,"2024-02-04 05:28:26",1
11454,560057,bangalore,midc,,"2024-02-04 05:28:26",1
11463,560058,bangalore,midc,,"2024-02-04 05:28:26",1
11472,560059,bangalore,midc,,"2024-02-04 05:28:26",1
11481,560060,bangalore,midc,,"2024-02-04 05:28:26",1
11490,560061,bangalore,midc,,"2024-02-04 05:28:26",1
11499,560062,bangalore,midc,,"2024-02-04 05:28:26",1
11507,560063,bangalore,midc,,"2024-02-04 05:28:26",1
11516,560064,bangalore,midc,,"2024-02-04 05:28:26",1
11524,560065,bangalore,midc,,"2024-02-04 05:28:26",1
11532,560066,bangalore,midc,,"2024-02-04 05:28:26",1
11541,560067,bangalore,midc,,"2024-02-04 05:28:26",1
11550,560068,bangalore,midc,,"2024-02-04 05:28:26",1
11559,560069,bangalore,midc,,"2024-02-04 05:28:26",1
11567,560070,bangalore,midc,,"2024-02-04 05:28:26",1
11575,560071,bangalore,midc,,"2024-02-04 05:28:26",1
11584,560072,bangalore,midc,,"2024-02-04 05:28:26",1
11593,560073,bangalore,midc,,"2024-02-04 05:28:26",1
11601,560074,bangalore,midc,,"2024-02-04 05:28:26",1
11610,560075,bangalore,midc,,"2024-02-04 05:28:26",1
11619,560076,bangalore,midc,,"2024-02-04 05:28:26",1
11628,560077,bangalore,midc,,"2024-02-04 05:28:26",1
11636,560078,bangalore,midc,,"2024-02-04 05:28:26",1
11644,560079,bangalore,midc,,"2024-02-04 05:28:26",1
11653,560080,bangalore,midc,,"2024-02-04 05:28:26",1
11661,560081,bangalore,midc,,"2024-02-04 05:28:26",1
11669,560082,bangalore,midc,,"2024-02-04 05:28:26",1
11677,560083,bangalore,midc,,"2024-02-04 05:28:26",1
11685,560084,bangalore,midc,,"2024-02-04 05:28:26",1
11693,560085,bangalore,midc,,"2024-02-04 05:28:26",1
11702,560086,bangalore,midc,,"2024-02-04 05:28:26",1
11711,560087,bangalore,midc,,"2024-02-04 05:28:26",1
11718,560088,bangalore,midc,,"2024-02-04 05:28:26",1
11725,560089,bangalore,midc,,"2024-02-04 05:28:26",1
11732,560090,bangalore,midc,,"2024-02-04 05:28:26",1
11741,560091,bangalore,midc,,"2024-02-04 05:28:26",1
11750,560092,bangalore,midc,,"2024-02-04 05:28:26",1
11759,560093,bangalore,midc,,"2024-02-04 05:28:26",1
11768,560094,bangalore,midc,,"2024-02-04 05:28:26",1
11777,560095,bangalore,midc,,"2024-02-04 05:28:26",1
11786,560096,bangalore,midc,,"2024-02-04 05:28:26",1
11795,560097,bangalore,midc,,"2024-02-04 05:28:26",1
11804,560098,bangalore,midc,,"2024-02-04 05:28:26",1
11813,560099,bangalore,midc,,"2024-02-04 05:28:26",1
11821,560100,bangalore,midc,,"2024-02-04 05:28:26",1
11826,560101,bangalore,midc,,"2024-02-04 05:28:26",1
11831,560102,bangalore,midc,,"2024-02-04 05:28:26",1
11840,560103,bangalore,midc,,"2024-02-04 05:28:26",1
11849,560104,bangalore,midc,,"2024-02-04 05:28:26",1
11858,560106,bangalore,midc,,"2024-02-04 05:28:26",1
11865,560107,bangalore,midc,,"2024-02-04 05:28:26",1
11873,560108,bangalore,midc,,"2024-02-04 05:28:26",1
11880,560109,bangalore,midc,,"2024-02-04 05:28:26",1
11887,560110,bangalore,midc,,"2024-02-04 05:28:26",1
11894,560112,bangalore,midc,,"2024-02-04 05:28:26",1
11903,560114,bangalore,midc,,"2024-02-04 05:28:26",1
11913,560149,bangalore,midc,,"2024-02-04 05:28:26",1
11927,562107,bangalore,midc,,"2024-02-04 05:28:26",1
11933,562110,bangalore,midc,,"2024-02-04 05:28:26",1
11939,562123,bangalore,midc,,"2024-02-04 05:28:26",1
11948,562125,bangalore,midc,,"2024-02-04 05:28:26",1
11955,562152,bangalore,midc,,"2024-02-04 05:28:26",1
11963,562157,bangalore,midc,,"2024-02-04 05:28:26",1
11968,562158,bangalore,midc,,"2024-02-04 05:28:26",1
11973,562162,bangalore,midc,,"2024-02-04 05:28:26",1
11980,562163,bangalore,midc,,"2024-02-04 05:28:26",1
11993,577205,bangalore,midc,,"2024-02-04 05:28:26",1
12007,110001,delhi,vki,,"2024-02-04 05:28:26",1
12016,110002,delhi,vki,,"2024-02-04 05:28:26",1
12024,110003,delhi,vki,,"2024-02-04 05:28:26",1
12033,110004,delhi,vki,,"2024-02-04 05:28:26",1
12042,110005,delhi,vki,,"2024-02-04 05:28:26",1
12050,110006,delhi,vki,,"2024-02-04 05:28:26",1
12059,110007,delhi,vki,,"2024-02-04 05:28:26",1
12068,110008,delhi,vki,,"2024-02-04 05:28:26",1
12077,110009,delhi,vki,,"2024-02-04 05:28:26",1
12085,110010,delhi,vki,,"2024-02-04 05:28:26",1
12093,110011,delhi,vki,,"2024-02-04 05:28:26",1
12102,110012,delhi,vki,,"2024-02-04 05:28:26",1
12109,110013,delhi,vki,,"2024-02-04 05:28:26",1
12118,110014,delhi,vki,,"2024-02-04 05:28:26",1
12127,110015,delhi,vki,,"2024-02-04 05:28:26",1
12136,110016,delhi,vki,,"2024-02-04 05:28:26",1
12144,110017,delhi,vki,,"2024-02-04 05:28:26",1
12153,110018,delhi,vki,,"2024-02-04 05:28:26",1
12162,110019,delhi,vki,,"2024-02-04 05:28:26",1
12171,110020,delhi,vki,,"2024-02-04 05:28:26",1
12179,110021,delhi,vki,,"2024-02-04 05:28:26",1
12187,110022,delhi,vki,,"2024-02-04 05:28:26",1
12195,110023,delhi,vki,,"2024-02-04 05:28:26",1
12204,110024,delhi,vki,,"2024-02-04 05:28:26",1
12213,110025,delhi,vki,,"2024-02-04 05:28:26",1
12222,110026,delhi,vki,,"2024-02-04 05:28:26",1
12231,110027,delhi,vki,,"2024-02-04 05:28:26",1
12240,110028,delhi,vki,,"2024-02-04 05:28:26",1
12248,110029,delhi,vki,,"2024-02-04 05:28:26",1
12256,110030,delhi,vki,,"2024-02-04 05:28:26",1
12265,110031,delhi,vki,,"2024-02-04 05:28:26",1
12274,110032,delhi,vki,,"2024-02-04 05:28:26",1
12283,110033,delhi,vki,,"2024-02-04 05:28:26",1
12292,110034,delhi,vki,,"2024-02-04 05:28:26",1
12301,110035,delhi,vki,,"2024-02-04 05:28:26",1
12310,110036,delhi,vki,,"2024-02-04 05:28:26",1
12318,110037,delhi,vki,,"2024-02-04 05:28:26",1
12327,110038,delhi,vki,,"2024-02-04 05:28:26",1
12336,110039,delhi,vki,,"2024-02-04 05:28:26",1
12345,110040,delhi,vki,,"2024-02-04 05:28:26",1
12354,110041,delhi,vki,,"2024-02-04 05:28:26",1
12363,110042,delhi,vki,,"2024-02-04 05:28:26",1
12372,110043,delhi,vki,,"2024-02-04 05:28:26",1
12380,110044,delhi,vki,,"2024-02-04 05:28:26",1
12389,110045,delhi,vki,,"2024-02-04 05:28:26",1
12398,110046,delhi,vki,,"2024-02-04 05:28:26",1
12406,110047,delhi,vki,,"2024-02-04 05:28:26",1
12415,110048,delhi,vki,,"2024-02-04 05:28:26",1
12423,110049,delhi,vki,,"2024-02-04 05:28:26",1
12431,110050,delhi,vki,,"2024-02-04 05:28:26",1
12440,110051,delhi,vki,,"2024-02-04 05:28:26",1
12449,110052,delhi,vki,,"2024-02-04 05:28:26",1
12458,110053,delhi,vki,,"2024-02-04 05:28:26",1
12467,110054,delhi,vki,,"2024-02-04 05:28:26",1
12476,110055,delhi,vki,,"2024-02-04 05:28:26",1
12485,110056,delhi,vki,,"2024-02-04 05:28:26",1
12494,110057,delhi,vki,,"2024-02-04 05:28:26",1
12503,110058,delhi,vki,,"2024-02-04 05:28:26",1
12512,110059,delhi,vki,,"2024-02-04 05:28:26",1
12521,110060,delhi,vki,,"2024-02-04 05:28:26",1
12530,110061,delhi,vki,,"2024-02-04 05:28:26",1
12539,110062,delhi,vki,,"2024-02-04 05:28:26",1
12548,110063,delhi,vki,,"2024-02-04 05:28:26",1
12557,110064,delhi,vki,,"2024-02-04 05:28:26",1
12566,110065,delhi,vki,,"2024-02-04 05:28:26",1
12574,110066,delhi,vki,,"2024-02-04 05:28:26",1
12582,110067,delhi,vki,,"2024-02-04 05:28:26",1
12590,110068,delhi,vki,,"2024-02-04 05:28:26",1
12598,110069,delhi,vki,,"2024-02-04 05:28:26",1
12607,110070,delhi,vki,,"2024-02-04 05:28:26",1
12616,110071,delhi,vki,,"2024-02-04 05:28:26",1
12625,110072,delhi,vki,,"2024-02-04 05:28:26",1
12634,110073,delhi,vki,,"2024-02-04 05:28:26",1
12642,110074,delhi,vki,,"2024-02-04 05:28:26",1
12651,110075,delhi,vki,,"2024-02-04 05:28:26",1
12660,110076,delhi,vki,,"2024-02-04 05:28:26",1
12669,110077,delhi,vki,,"2024-02-04 05:28:26",1
12678,110078,delhi,vki,,"2024-02-04 05:28:26",1
12686,110079,delhi,vki,,"2024-02-04 05:28:26",1
12694,110080,delhi,vki,,"2024-02-04 05:28:26",1
12703,110081,delhi,vki,,"2024-02-04 05:28:26",1
12712,110082,delhi,vki,,"2024-02-04 05:28:26",1
12721,110083,delhi,vki,,"2024-02-04 05:28:26",1
12730,110084,delhi,vki,,"2024-02-04 05:28:26",1
12739,110085,delhi,vki,,"2024-02-04 05:28:26",1
12748,110086,delhi,vki,,"2024-02-04 05:28:26",1
12757,110087,delhi,vki,,"2024-02-04 05:28:26",1
12766,110088,delhi,vki,,"2024-02-04 05:28:26",1
12775,110089,delhi,vki,,"2024-02-04 05:28:26",1
12784,110090,delhi,vki,,"2024-02-04 05:28:26",1
12793,110091,delhi,vki,,"2024-02-04 05:28:26",1
12802,110092,delhi,vki,,"2024-02-04 05:28:26",1
12811,110093,delhi,vki,,"2024-02-04 05:28:26",1
12820,110094,delhi,vki,,"2024-02-04 05:28:26",1
12829,110095,delhi,vki,,"2024-02-04 05:28:26",1
12838,110096,delhi,vki,,"2024-02-04 05:28:26",1
12847,110097,delhi,vki,,"2024-02-04 05:28:26",1
12868,110101,delhi,vki,,"2024-02-04 05:28:26",1
12874,110102,delhi,vki,,"2024-02-04 05:28:26",1
12881,110103,delhi,vki,,"2024-02-04 05:28:26",1
12888,110104,delhi,vki,,"2024-02-04 05:28:26",1
12895,110105,delhi,vki,,"2024-02-04 05:28:26",1
12903,110106,delhi,vki,,"2024-02-04 05:28:26",1
12910,110107,delhi,vki,,"2024-02-04 05:28:26",1
12918,110108,delhi,vki,,"2024-02-04 05:28:26",1
12925,110109,delhi,vki,,"2024-02-04 05:28:26",1
12931,110110,delhi,vki,,"2024-02-04 05:28:26",1
12938,110112,delhi,vki,,"2024-02-04 05:28:26",1
12945,110113,delhi,vki,,"2024-02-04 05:28:26",1
12952,110114,delhi,vki,,"2024-02-04 05:28:26",1
12960,110115,delhi,vki,,"2024-02-04 05:28:26",1
12968,110116,delhi,vki,,"2024-02-04 05:28:26",1
12976,110117,delhi,vki,,"2024-02-04 05:28:26",1
12984,110118,delhi,vki,,"2024-02-04 05:28:26",1
12991,110119,delhi,vki,,"2024-02-04 05:28:26",1
12998,110120,delhi,vki,,"2024-02-04 05:28:26",1
13004,110121,delhi,vki,,"2024-02-04 05:28:26",1
13008,110122,delhi,vki,,"2024-02-04 05:28:26",1
13015,110124,delhi,vki,,"2024-02-04 05:28:26",1
13022,110125,delhi,vki,,"2024-02-04 05:28:26",1
13029,110301,delhi,vki,,"2024-02-04 05:28:26",1
13034,110302,delhi,vki,,"2024-02-04 05:28:26",1
13039,110401,delhi,vki,,"2024-02-04 05:28:26",1
13044,110402,delhi,vki,,"2024-02-04 05:28:26",1
13049,110403,delhi,vki,,"2024-02-04 05:28:26",1
13053,110501,delhi,vki,,"2024-02-04 05:28:26",1
13057,110502,delhi,vki,,"2024-02-04 05:28:26",1
13063,110503,delhi,vki,,"2024-02-04 05:28:26",1
13068,110504,delhi,vki,,"2024-02-04 05:28:26",1
13072,110505,delhi,vki,,"2024-02-04 05:28:26",1
13077,110506,delhi,vki,,"2024-02-04 05:28:26",1
13081,110507,delhi,vki,,"2024-02-04 05:28:26",1
13085,110508,delhi,vki,,"2024-02-04 05:28:26",1
13090,110509,delhi,vki,,"2024-02-04 05:28:26",1
13095,110510,delhi,vki,,"2024-02-04 05:28:26",1
13101,110511,delhi,vki,,"2024-02-04 05:28:26",1
13107,110512,delhi,vki,,"2024-02-04 05:28:26",1
13111,110601,delhi,vki,,"2024-02-04 05:28:26",1
13117,110602,delhi,vki,,"2024-02-04 05:28:26",1
13123,110603,delhi,vki,Admin,"2024-02-04 05:28:26",1
13127,110604,delhi,vki,Admin,"2024-02-04 05:28:26",1
13131,110605,delhi,vki,Admin,"2024-02-04 05:28:26",1
13135,110606,delhi,vki,,"2024-02-04 05:28:26",1
13139,110607,delhi,vki,,"2024-02-04 05:28:26",1
13144,110608,delhi,vki,,"2024-02-04 05:28:26",1
13149,110609,delhi,vki,,"2024-02-04 05:28:26",1
13153,111105,delhi,vki,,"2024-02-04 05:28:26",1
13156,111112,delhi,vki,,"2024-02-04 05:28:26",1
13159,111114,delhi,vki,,"2024-02-04 05:28:26",1
13163,111120,delhi,vki,,"2024-02-04 05:28:26",1
13166,111121,delhi,vki,,"2024-02-04 05:28:26",1
13168,116019,delhi,vki,,"2024-02-04 05:28:26",1
